temperature,humidity,motion,smoke,power_usage,incident,severity
31.901480879771775,30.454093605576837,0,0,166.8103079831988,normal,low
18.159995024040334,89.23047293963734,1,0,158.5641264012273,intrusion,medium
25.596455279594323,28.214710515075858,0,0,243.20044593146716,normal,low
30.81884219065649,40.11163783912089,1,0,205.93512925655116,intrusion,medium
10.328035949253277,49.362071490663425,0,0,187.37359482851343,normal,low
18.227666903820158,35.639428989546275,0,0,233.39583606068592,normal,low
29.678933054861456,51.49766060619822,0,0,246.53451668075795,normal,low
23.78313922861269,64.2143007931285,0,0,214.79971276182812,normal,low
27.314080489159938,67.35735015991939,1,0,215.60896626901643,intrusion,medium
27.149429378814563,56.873452444103165,0,0,163.62965130391694,normal,low
42.757277051090554,67.06261717439583,0,1,269.90741273529926,normal,low
40.0272245041588,41.78521771455466,0,0,211.15849467273105,normal,low
28.94498969551611,64.3734348026007,0,0,259.98031321664007,normal,low
21.08371487310417,80.73223325064009,0,0,169.45673414387562,normal,low
23.37878173424371,40.38639942705434,0,0,180.0514247696446,normal,low
31.3168646062231,73.940990114458,1,0,169.1013719071532,intrusion,medium
41.24828059663035,75.81790869049917,0,0,254.31478044123492,normal,low
21.625270987624603,61.86978883232168,0,0,219.37664026154306,normal,low
48.37519683285908,33.40148949618268,1,1,217.08444987828477,overheating,medium
10.0,33.75592836377434,0,0,153.2773428983681,normal,low
42.351765507309,22.105512487410603,0,0,165.36884234154797,normal,low
20.687058047829346,44.108306118434086,1,0,120.18748818126559,intrusion,medium
10.0,30.384742454089896,1,0,164.9510574855546,intrusion,medium
27.72236802570942,45.690902604838215,0,0,210.2851056489787,normal,low
44.96682491108092,33.83923970972435,1,0,193.60799033295373,normal,low
25.437292243054465,44.541301379081546,0,1,241.3396436546083,normal,low
39.219326612167386,83.11521382045662,1,0,156.9841963017347,normal,low
11.113885441889128,76.32331464801996,1,1,128.739049338763,intrusion,medium
36.738722208010934,68.74629738792632,0,0,301.7374254771376,normal,low
17.82027871214827,45.508819309892,0,0,203.9817600081572,normal,low
33.12447854909598,63.14493714248084,1,0,194.0215033550596,intrusion,medium
25.278790032299845,69.51435994695056,0,0,178.73171631026972,normal,low
26.620812737728492,43.42973854831212,0,0,189.6083867601012,normal,low
19.55722905727993,44.38395087701822,1,1,170.83188345602392,intrusion,medium
35.49891878875203,43.06369909745575,0,0,216.46122046612493,normal,low
45.52602407651899,61.06180833092982,1,0,135.00492179199836,overheating,medium
45.07049870599255,37.16519789477765,0,0,188.22262630424618,normal,low
21.13605669034851,34.58025898185447,0,0,196.73593981307351,normal,low
20.80789097793837,89.78379204264161,0,0,139.340832715776,normal,low
33.80007056561061,79.85812614140168,1,0,177.2579119010834,intrusion,medium
20.281268639443418,37.24084476782987,0,0,94.70157235928494,normal,low
26.611886239360505,76.11766071644978,0,0,208.69971325225995,normal,low
28.511500558504245,31.59274767350923,0,0,227.2362156536889,normal,low
31.33410690724662,63.6246215188698,1,1,108.3206810651976,intrusion,medium
11.661977378122462,26.04761837272258,0,0,207.2706390467347,normal,low
26.29323828395548,33.0872934800672,0,0,117.47581768570446,normal,low
42.21685861672075,57.66588601567351,1,0,191.32367660983462,normal,low
43.626170543164115,86.69122547002438,0,0,225.87903096545676,normal,low
52.24104176376119,79.07410950122323,1,0,255.45680923083265,overheating,medium
23.93227640420872,56.17420183899368,0,0,151.408216904601,normal,low
37.83717414546391,55.51475010123777,0,0,225.3302552958181,normal,low
28.27649225478427,28.90400516495055,0,0,242.66630025182414,normal,low
30.520203985820196,84.81618373528106,0,0,222.67453555003888,normal,low
48.756598753152446,79.716634466105,1,0,187.86148555257853,overheating,medium
15.314056042167504,56.30476790929756,1,1,172.25329492898902,intrusion,medium
41.871498695941156,76.97681186825032,0,1,260.1959143903739,normal,low
10.0,38.10361375606,0,0,244.9992986971984,normal,low
34.60984048222808,88.16681447391458,1,0,156.2269147903741,intrusion,medium
35.58652465987447,36.19246119436963,1,0,250.10537313223753,normal,low
46.86795351397054,64.42440040790389,1,0,204.0541813595021,overheating,medium
23.080102136814894,45.46608414224738,0,0,167.72056242486138,normal,low
41.185711130372,83.27255538595236,0,0,142.12234580908907,normal,low
43.40722336254163,30.26340387100885,0,0,125.25369666507407,normal,low
32.93807379683434,75.99186525991843,0,0,190.6231890970647,normal,low
19.098709968147745,24.12403771023063,0,0,153.97142773636065,normal,low
36.83744173100278,71.3143390889573,0,0,173.43115056355103,normal,low
51.1804939275133,47.93972799973389,1,0,178.21746073922705,overheating,medium
17.88007918378245,60.49907253398383,1,0,158.33756044400266,intrusion,medium
28.50528756856718,77.43765844033166,0,0,178.4334959172308,normal,low
40.53172424518779,67.39541729198729,1,0,200.97337158900802,normal,low
36.92239225329271,49.65500503511237,0,0,190.03005572128376,normal,low
14.491739431505415,53.64927994160544,1,0,119.06798811665298,intrusion,medium
16.584387027260853,23.102456975689556,1,0,231.24749268536036,intrusion,medium
55.19257288614697,61.224520222849875,1,0,198.91463245706822,overheating,medium
25.591698081485088,31.6131312655963,0,0,282.826348697895,normal,low
30.729465362143554,51.83462828500632,0,1,129.17402574421607,normal,low
29.592980945901974,58.44339163028427,1,0,179.94123210005282,intrusion,medium
16.037807457026503,38.52597435541011,1,0,242.385430448175,intrusion,medium
29.838250131546207,40.72840303132158,0,0,166.52819767293985,normal,low
10.0,30.556856096588803,0,0,210.59493374971967,normal,low
18.799250798904648,50.63282418670199,0,0,166.40501292353574,normal,low
19.6794691193341,88.56866676677573,1,0,150.50378456453467,intrusion,medium
10.0,29.204917231236763,0,0,231.63778327231822,normal,low
26.45387266558585,51.181939951124704,0,1,193.0147939043044,normal,low
43.748206723930004,64.06140267739299,0,0,252.80049828114335,normal,low
10.0,59.12854634136321,0,0,218.57845700436687,normal,low
20.335037385405933,57.24674224064206,0,1,179.89374623504665,normal,low
34.814727968848445,48.52934429568029,1,0,156.57548766894058,intrusion,medium
42.37822228361402,51.088875511029855,0,0,195.6807254344983,normal,low
18.636730769777778,78.88373394478751,1,0,211.41406477715515,intrusion,medium
23.45419606127652,27.034560230797773,0,0,146.67437575162037,normal,low
26.456606900384976,69.14263153143631,0,1,271.98649983884513,normal,low
35.10240891993632,71.71979174379823,0,0,191.16739690612627,normal,low
35.32108948300409,75.70077170313029,1,0,182.0693526091585,normal,low
18.018892782443743,83.65421403641625,0,0,209.40102202459607,normal,low
38.08004253951651,27.323860937965847,0,0,280.17100291139104,normal,low
19.798178251361353,72.80990884006505,0,1,178.5863122625843,normal,low
21.932536224016154,47.236160315962124,1,0,143.36638300680914,intrusion,medium
10.0,47.83742875628836,0,0,115.89726789235377,normal,low
10.0,35.95410673991067,1,1,146.58761868403965,intrusion,medium
28.681983831381483,65.12780846541226,1,0,200.17234322672752,intrusion,medium
31.117987401353258,28.187949956311492,0,0,216.92728696223935,normal,low
32.38417831504436,72.04280715249806,0,1,172.9439526880441,normal,low
29.192368459877,71.28304700971994,1,0,110.22003575775227,intrusion,medium
28.82374715000509,50.88684599562666,0,0,239.9613676849783,normal,low
18.292376910325878,32.327004490820414,0,0,268.3585201843389,normal,low
14.284129066786498,42.49251234908051,0,0,133.3935669531645,normal,low
30.497186764437824,73.24553104577792,0,0,161.1217162175148,normal,low
36.06948740710594,34.3056825508005,0,0,255.1725817214216,normal,low
27.019956708081754,48.24753236354039,0,0,291.1255431896451,normal,low
18.68335479370148,34.30917039214322,0,0,240.62798686648296,normal,low
26.220637291036013,57.87619111015361,1,0,227.434594465068,intrusion,medium
32.28563625720374,47.10286396597442,1,0,246.34254779794037,intrusion,medium
25.354107574421306,64.71268923053415,0,0,263.8169565374671,normal,low
26.823057270210896,47.82434071995537,0,0,189.9736802152859,normal,low
37.17017765110568,51.51933554058494,0,0,167.7322445396272,normal,low
15.20407737189686,80.60363362201952,0,0,148.8971711918751,normal,low
18.460962454710376,37.511242674055694,0,0,87.05695378296663,normal,low
32.6413276006904,47.33597638032172,0,0,130.67194909155842,normal,low
35.93833842830089,34.36573425438421,0,0,282.9321948051839,normal,low
36.698308358036314,62.80098024947313,0,0,219.47797305240965,normal,low
23.12089632746438,52.72496019282359,0,0,236.9582518050611,normal,low
33.347434463416896,83.48462621453518,0,0,300.3068495248315,normal,low
38.1127716999024,23.344036795501943,0,0,101.39702758559844,normal,low
41.40573764734125,30.11215616000307,1,0,142.39580471695433,normal,low
38.159335402838074,75.81642081865192,1,1,123.28502437630291,normal,low
28.473850981589315,34.80273426751423,0,0,194.42004365046822,normal,low
45.04013830034255,59.71605642684969,0,1,146.97391500619568,overheating,medium
32.998286071061294,65.0648097939652,0,0,353.7135911199056,equipment_failure,high
29.252333562761503,66.52365081432335,0,0,153.78808671949113,normal,low
36.75697400548398,33.090769630211334,0,0,254.4130893234933,normal,low
33.41715234217402,34.67536512611354,1,0,307.63422735964224,intrusion,medium
35.054566055556904,33.076805894450864,0,1,123.73998397543173,normal,low
18.99319518195956,63.73216498421708,0,1,188.45640494417736,normal,low
32.84687787488964,86.00753754262887,1,0,257.09737161810614,intrusion,medium
19.07625152743329,20.941702540707347,1,0,220.66077565659174,intrusion,medium
14.768075991268152,89.48573797831774,1,1,257.49951317807756,intrusion,medium
22.880782166327922,49.91064992939859,0,0,294.1897251428142,normal,low
14.461586568004254,74.86264199884738,0,0,129.9111746043913,normal,low
23.867743689028828,89.90474259562487,0,0,162.64879562228955,normal,low
20.302001461713534,54.323347530396106,1,0,190.94968616750563,intrusion,medium
41.248181804433145,72.75936588088409,1,0,211.59584514408274,normal,low
38.407794286560154,30.40094555091067,0,0,134.84648275777215,normal,low
28.073846897856022,63.64244320639959,0,0,265.2914552295789,normal,low
42.74893863309431,54.012481927544485,1,0,185.1663565185116,normal,low
26.719952106477702,49.661971396551195,0,1,252.7561624916948,normal,low
25.127573354524042,86.43673342259267,0,0,229.26071897905751,normal,low
53.12457480269798,80.43440048204465,1,0,134.08313084707677,overheating,medium
45.539681456314476,44.442803041410244,0,0,192.74052240477107,overheating,medium
49.71130899582701,31.62790730601603,0,0,162.83782940784016,overheating,medium
36.94853447820668,43.44347901181855,0,0,197.20197374795742,normal,low
10.0,46.52728372023236,0,0,251.29090750437422,normal,low
35.41391260248505,23.297077688285395,1,0,208.66071382531067,normal,low
34.52561905160314,36.1375202308087,1,0,166.32691694857044,intrusion,medium
18.05306580367392,47.29485790896703,0,0,202.9694820880176,normal,low
25.24977796523183,40.62110910608287,1,0,255.2817909740508,intrusion,medium
26.283973969665965,67.93627301637164,0,0,164.91889366246025,normal,low
33.267240826041075,66.05282741484541,1,0,197.2114413718084,intrusion,medium
39.05983094317121,88.50883758084143,0,0,132.46774156178395,normal,low
36.26273100130621,78.2222286351629,1,0,249.66592591235877,normal,low
36.31107279177796,30.435595823275804,1,1,212.6258670533923,normal,low
36.9898801719713,44.067403730951426,0,0,207.01174152971348,normal,low
26.439110148536038,60.16431468228164,0,0,125.18418052853329,normal,low
35.92817522998453,44.12727131654414,0,0,180.66037764226732,normal,low
29.76352519229475,81.15336651323311,0,0,161.46362554020214,normal,low
32.60922024437175,27.81869750351459,0,0,219.8261330993708,normal,low
35.16457365032976,43.79931683525061,0,0,158.77216620473038,normal,low
22.030263569517423,21.96699651488578,0,0,347.12042426940604,normal,low
31.149387049343968,38.890811422497535,0,0,177.32134807204392,normal,low
56.3260421522308,52.44385195023708,1,0,257.2256998772422,overheating,medium
27.010833497666212,33.02995814632205,0,0,242.86801172261025,normal,low
30.742492894411225,86.21577105482653,0,1,344.9426692367718,normal,low
34.56603062674195,69.62557273468173,0,0,256.13847368206467,normal,low
45.51356646976888,80.71983745079731,0,0,259.8549622757392,overheating,medium
42.31406971142366,35.44670225074317,1,0,109.04601552776505,normal,low
42.06732357164181,29.056479557430492,1,0,195.65950695245613,normal,low
50.50066071316337,58.19103292320124,0,0,182.23292472841487,overheating,medium
33.77191605209793,37.585137776514884,1,0,168.36298600273975,intrusion,medium
42.610915677668935,33.978175312643145,0,0,250.36536266569937,normal,low
17.427488795181162,57.93188111288566,1,0,216.5142626793762,intrusion,medium
34.18340850706868,52.05244453043103,0,1,202.20002314408808,normal,low
11.815548242525601,24.00638607341571,0,0,178.01746079164397,normal,low
40.70538989598189,80.75552296199972,0,0,262.6082186425032,normal,low
38.80710935127746,64.12728923765698,1,0,152.60029993250413,normal,low
20.78231858264575,24.57746652534113,0,0,225.93884556179086,normal,low
29.959844329776082,32.395434645768496,1,0,188.12375256133615,intrusion,medium
15.7982232041323,79.30788386718504,0,0,219.60652004500665,normal,low
28.06764163290097,49.751300080121695,0,0,177.38998706156985,normal,low
23.307055828139227,39.21624376717965,0,0,109.12902494804825,normal,low
24.07565814405447,42.362644068077316,0,0,185.4798419799658,normal,low
22.784510275041264,20.55299057703621,0,0,148.44487675065815,normal,low
25.522741344985945,40.20314087612329,1,0,256.8890930596372,intrusion,medium
37.19834175704923,76.28051861628974,0,0,263.5718245782503,normal,low
22.857828226434734,47.51166127042992,1,0,143.52923123684045,intrusion,medium
25.324398022212367,54.09677928952653,0,0,209.03928474490763,normal,low
15.71755265477595,76.80152631867827,0,0,200.29124672696253,normal,low
35.04814110095796,61.237992766375584,0,0,199.71757635296078,normal,low
47.61812208550018,79.16096067339112,0,0,206.87421687024448,overheating,medium
22.837950808401075,75.07024244590949,0,0,131.29654129996334,normal,low
45.58322933693812,71.00631896003432,1,0,131.69729877609694,overheating,medium
38.283283500084615,58.11212655651625,0,0,180.60158145820375,normal,low
26.79532226198296,86.68505253409333,0,0,184.47820291923568,normal,low
18.04737778171024,61.65957097303003,0,0,217.2836870826967,normal,low
41.386911315990815,41.62451110792779,1,0,195.74137405816268,normal,low
39.66365117783646,86.51028680769187,0,0,231.0369077483288,normal,low
28.358671483299158,61.10457626489686,1,0,215.91850569124915,intrusion,medium
35.143093402952,61.21253681007128,0,0,231.41425984788216,normal,low
15.353286941927493,82.26314211823632,0,1,179.7657584749617,normal,low
28.073443132515056,41.33769102257436,0,0,341.66932828964894,normal,low
24.96192675997041,84.88817117981385,1,0,119.520405013801,intrusion,medium
27.323424082525655,25.94656543410958,0,0,148.99076523386142,normal,low
40.86239599010159,40.696478646315235,0,0,112.67528256672254,normal,low
28.343331315465754,88.30508552077141,0,0,186.23496687848476,normal,low
22.64618618721198,58.22610642621439,0,0,145.4065219517595,normal,low
36.5724490147558,73.79249551319447,1,0,225.9450637489356,normal,low
51.20900867752847,73.14415593569373,0,0,195.69448401659633,overheating,medium
15.315236267247698,49.993189148291556,0,0,184.32188724206054,normal,low
56.04544761628071,34.79598500478821,1,0,245.84710060523906,overheating,medium
25.01215265229464,76.70697715027742,1,0,192.94065767245064,intrusion,medium
10.0,35.19188692136964,1,0,118.470186084056,intrusion,medium
28.78559815923592,68.44027298277379,0,0,200.5558631510924,normal,low
24.16526776411368,41.193310489196136,0,0,289.18042798505036,normal,low
37.20532713279566,79.73287564260147,1,0,204.8069114998686,normal,low
34.43039091757242,76.34393965016105,0,1,194.66584079352484,normal,low
27.98962099917928,87.57298933951309,0,0,311.1730198683731,normal,low
39.738925996431945,29.683531999186314,0,0,216.08898879916637,normal,low
14.84161142784937,70.45172185840535,0,0,246.48842498737193,normal,low
27.424538459931384,43.02715969823221,0,0,264.71424898712735,normal,low
36.18915856372493,40.58415739324687,0,0,240.10261286012744,normal,low
24.48797594462549,27.400110910752417,0,0,232.7966666507329,normal,low
31.876762680079068,22.550467857638683,0,0,164.63275631588158,normal,low
28.33122610435775,40.19082264149465,1,1,172.84219912976303,intrusion,medium
15.205097566923417,73.65303213814674,0,0,166.2843823123579,normal,low
40.97227205588361,26.91686377899128,0,0,213.66553892974844,normal,low
25.061869475302153,73.6783541243647,1,0,317.2365693159643,intrusion,medium
44.20077673931304,54.96268713378909,0,0,300.57923807856446,normal,low
20.639129000090804,52.305618604515054,1,0,141.73632445075455,intrusion,medium
10.0,42.81667314382116,0,1,240.0540209064865,normal,low
25.962253195114233,87.12738150578387,0,0,162.342888117162,normal,low
30.42830500695901,79.2691171704638,0,0,145.1105911872379,normal,low
41.73143449473969,72.49282651621581,0,0,176.58066994212635,normal,low
45.40597531719907,29.686259325411964,0,1,245.13212409881433,overheating,medium
41.82671398015198,78.08919614959984,0,0,224.03972133980042,normal,low
18.53059105949731,77.71473624300341,0,0,220.93987668731754,normal,low
20.72163062610552,59.807288882707006,1,1,168.92242536616564,intrusion,medium
25.84586609438154,61.278558360799224,0,0,50.0,normal,low
36.09679254155792,82.39161774670633,0,0,233.94868304307545,normal,low
32.59172233400019,26.708508691825386,0,0,181.12091057725155,normal,low
33.756563807655304,43.106934182359666,0,0,190.69860044407898,normal,low
25.62961821491857,54.3483619197343,0,0,213.0307341513718,normal,low
28.090297350065306,53.62626803897707,0,0,305.23436760075606,normal,low
32.053049107307,68.25135605658089,1,0,134.28596578914184,intrusion,medium
15.64215184222115,29.28321684894223,0,0,153.44345483980987,normal,low
48.71598070954205,67.91725218539035,0,0,155.2998054255109,overheating,medium
38.16772425202459,54.08485080267038,1,0,254.08790004221868,normal,low
26.17922611772374,75.34812639950343,0,0,159.4982621230798,normal,low
35.853149794299576,67.72555215802227,1,0,215.3033172810417,normal,low
37.87658038024447,74.61548599240035,1,0,223.32285818157555,normal,low
32.31726621107622,73.42035485052156,0,0,168.51997892402935,normal,low
23.873090863943517,49.12212778511007,0,0,117.86819426452674,normal,low
41.13351426750436,72.49510247118539,1,0,189.21354787737238,normal,low
26.475397420337984,22.75097005309962,0,0,212.3373332393396,normal,low
38.30921062936381,31.85676617880292,0,0,179.93497122017078,normal,low
38.284383152224045,48.05942229655949,1,1,244.27623226363173,normal,low
29.540946793167418,38.41860908562914,0,0,191.52899517006787,normal,low
43.923698871457105,49.55057718737967,1,1,214.46151500469614,normal,low
34.3176272217416,84.71551185911764,0,0,96.41007205084865,normal,low
24.025124414405802,58.74413938298201,1,0,161.50320598141613,intrusion,medium
37.26659845033966,86.6357085045121,0,0,50.0,normal,low
40.31361533952339,44.54431900105396,1,0,195.86560294418038,normal,low
20.65534098491975,73.93225763887386,0,0,180.61418918557837,normal,low
31.807101948743007,44.54841641117521,1,0,149.4213375616207,intrusion,medium
17.951479828471285,83.6508248419235,0,1,173.04752177822837,normal,low
57.70455316066119,48.014754209582414,0,0,183.90880757689348,overheating,medium
19.347314014749664,51.780743360815464,0,0,301.32577323380184,normal,low
29.826823886910542,82.73927204893317,0,0,178.91675219914129,normal,low
33.00527147843253,74.77364743125219,1,0,161.77642621475243,intrusion,medium
26.99975373152015,68.62940965979803,0,0,229.54155179496323,normal,low
18.13417420421171,74.53101759917342,0,1,177.3401281691115,normal,low
29.230488985166037,75.60369992067223,1,0,256.6459756597583,intrusion,medium
39.46024050142397,76.76380464968037,0,0,262.3257359840279,normal,low
20.148437567302125,56.408555910586415,0,0,137.0421980524467,normal,low
13.869452184594024,50.72038219523792,0,0,269.6614639200453,normal,low
32.338100819888275,34.326797185190664,1,1,215.3960061196459,intrusion,medium
39.67778711794291,28.71668482253554,1,0,265.77974750417803,normal,low
33.99744685322827,24.505860505373263,0,0,172.13046723313505,normal,low
19.512522654136745,62.193335457364824,1,0,180.71770285174483,intrusion,medium
26.35769689615375,37.4981849861681,1,0,194.60870113918537,intrusion,medium
30.21636446673899,81.68830945042077,1,1,208.64333878584532,intrusion,medium
47.64120842253543,36.69125855083894,1,0,202.5186055270905,overheating,medium
10.0,36.514914139110346,1,0,238.627860690362,intrusion,medium
22.632916623219106,46.49277721613351,0,0,173.4932280471151,normal,low
39.997897160551375,63.88357756382902,0,0,169.6699908627397,normal,low
36.87447283265015,48.09742909731704,0,0,231.11834407997202,normal,low
48.74184075404652,40.26327918897839,0,0,149.12849531331187,overheating,medium
30.390683620472245,87.42903915739522,1,0,240.1999423401106,intrusion,medium
53.051362179511585,28.898752999157868,0,0,141.69389169097207,overheating,medium
42.3816343116022,44.49918669487653,1,1,135.22373287725765,normal,low
50.709445640306484,78.46784337170048,1,1,150.9462634512094,overheating,medium
44.77956986086965,24.27815545724107,0,0,180.20312810652,normal,low
23.045057431255163,36.020687229819885,1,0,142.23383175518458,intrusion,medium
10.0,68.17566293283716,0,0,209.28876595526503,normal,low
34.71560675861167,38.54131358736645,0,0,186.260539584089,normal,low
31.660497816352454,62.114850191449236,1,0,227.72106205993282,intrusion,medium
60.43731901922517,76.85805289677535,0,0,150.3747963135965,overheating,medium
34.1815737612563,45.36655823994545,1,0,269.33229863624234,intrusion,medium
23.68683806730067,49.17721292775323,1,0,195.57541780932354,intrusion,medium
22.8823334997318,78.89549964089414,0,0,151.5973428905915,normal,low
28.085323267961435,67.29932959925787,0,0,269.2494907919396,normal,low
32.42684418928513,64.89346367283869,0,0,225.71308677193775,normal,low
25.208760996242674,69.79001939127359,1,0,155.29008725968782,intrusion,medium
42.215693775316915,69.60212940590333,1,0,246.49059485147637,normal,low
10.0,62.331210451579736,1,0,232.70839744439485,intrusion,medium
21.03907624188112,43.01014730050905,1,0,181.73938250673743,intrusion,medium
24.508420871009513,33.657927979158124,0,0,227.91217679874975,normal,low
48.19143709337161,36.580634877068036,0,0,150.19029834615282,overheating,medium
32.30068297646374,20.092732159693927,0,0,179.24286707246458,normal,low
22.308626731210435,23.481423620927924,0,0,106.66302027015637,normal,low
25.966193241275818,74.69635952564236,0,0,175.74183734458285,normal,low
18.647325968324914,35.85914695393839,0,0,303.8864726076668,normal,low
28.28041557919186,35.75076641791976,0,0,252.98840254675807,normal,low
26.584114257125627,53.51858131074595,0,0,192.555259619062,normal,low
18.204974315631226,62.92244642890886,0,0,162.12325212178814,normal,low
27.66346339817013,61.08002130321678,0,1,198.73321681460152,normal,low
29.973624787368994,84.05766382435095,0,0,191.0469438913043,normal,low
42.20102332023097,45.539429294575406,0,0,229.102609224624,normal,low
29.854434469700365,23.34636925945003,0,0,175.80674882020904,normal,low
30.739197255486854,87.31950168370977,1,0,177.0132571159141,intrusion,medium
27.735266028040055,47.82400300118751,1,0,166.2366000375718,intrusion,medium
24.261543654786543,75.51767645148985,0,0,160.51815332646177,normal,low
37.5508486081851,42.66872252874339,0,0,219.55269551230296,normal,low
18.876534903754887,25.09669351132591,1,0,221.82092040404902,intrusion,medium
35.498321402685264,37.434293625078794,0,0,146.09834475139124,normal,low
37.78822347728457,42.49859734562912,1,0,258.6470588977221,normal,low
28.463969203741236,28.019010389281423,0,0,244.20737609776262,normal,low
20.176522914335376,77.87453249298471,0,0,171.21032046432708,normal,low
18.256882201883776,28.603205265271324,1,1,246.39475037999586,intrusion,medium
35.02034764035229,26.354759317162976,1,0,146.38499241718273,normal,low
31.027184802786582,60.521770068325,0,0,191.24988894666168,normal,low
39.358187676618456,56.897684000378696,0,0,131.6675654805582,normal,low
41.13435383821658,35.982709739204715,0,0,181.43008447202794,normal,low
51.17976687803607,73.95587989604016,0,0,258.2935533746347,overheating,medium
22.45705307589614,40.010058698034356,0,0,260.7299020895503,normal,low
41.59863336722499,20.65059911794425,0,0,162.14425304539193,normal,low
27.730019285557525,51.583186556266355,0,0,218.38452344182645,normal,low
32.27871214072037,53.785167510928694,0,0,243.44472532808217,normal,low
33.29580191333309,33.958534670372195,0,0,251.20104030937898,normal,low
35.034989260415536,81.07189691336208,0,1,218.6319708306498,normal,low
21.535071324201947,86.24467726396897,0,0,257.9744155265618,normal,low
37.90341226491315,82.05099640068919,0,0,134.30365649557808,normal,low
44.21475439022322,51.01528482491808,0,0,189.06222392094702,normal,low
25.845872514485308,33.848203282510376,0,0,184.5242074432987,normal,low
27.388034934385747,39.86911761046208,1,0,238.04336864111144,intrusion,medium
18.268697177876334,34.85033523907023,1,0,265.73279672687124,intrusion,medium
50.89747148698393,39.62673104729899,1,0,186.61001013681837,overheating,medium
38.38598170129434,24.481454903329162,0,1,203.50487548723078,normal,low
34.51440497674526,65.28623582909131,1,0,156.57647932888472,intrusion,medium
39.47287442587557,52.33738126310492,1,0,197.99417221549803,normal,low
17.075643128608895,39.2955257353593,0,0,273.5604316750188,normal,low
34.06572498511989,50.92553238328034,1,0,146.99329384677606,intrusion,medium
50.104510465311236,63.33362745280315,0,0,150.67315334535567,overheating,medium
10.0,70.3391212143467,0,0,226.54158854896497,normal,low
34.98020386496461,44.147785913722956,0,1,296.79512860032116,normal,low
30.74756267357816,50.088162353646894,0,0,201.74022631968793,normal,low
19.99595378461243,65.03768692185773,0,0,108.52552380525515,normal,low
45.45919751952216,82.99446233443099,1,0,239.86152802803682,overheating,medium
38.912378222001124,57.02716246211309,0,0,249.7316733550572,normal,low
44.41064046425887,66.50494017355297,0,0,252.71382191608538,normal,low
31.660346907673315,62.017023579633914,0,0,148.70385015520486,normal,low
28.38829355081545,68.55279969640694,0,0,218.1729860611273,normal,low
39.69246280224897,85.85787320438058,1,0,149.15721041312725,normal,low
39.49305336740599,34.94153448961798,0,1,217.18006738114636,normal,low
30.402123613774002,22.111942849571093,0,0,307.6617824723064,normal,low
48.79465191972102,40.41274173205427,1,0,206.56104007622795,overheating,medium
33.077683516885116,84.3477315756683,0,0,201.2540683450455,normal,low
30.86618566968203,60.960556324529776,0,0,181.1249855425763,normal,low
16.39058566063011,71.16502317293872,0,0,202.78312758877033,normal,low
35.98211951994598,25.18546337481333,0,0,188.46360633463175,normal,low
45.110706133770734,80.46174948435436,0,0,124.35291755167435,overheating,medium
38.23627725615744,79.18251379811963,1,0,212.98067278141968,normal,low
26.793461496576924,33.255023050018735,0,0,279.13998061022335,normal,low
33.26077300167224,21.634205910399025,1,0,164.46516500446234,intrusion,medium
24.27936669269554,76.44185593885454,0,1,122.7173937177745,normal,low
25.24824468749828,38.397583005008855,0,0,207.02840395381406,normal,low
31.022703960991976,55.91840321095562,0,0,222.10130203484556,normal,low
31.73656374348686,73.93073626769939,1,0,212.47567719729838,intrusion,medium
29.618017751236938,67.78444185849332,0,0,246.8834026135367,normal,low
19.12414958104521,77.22928717760936,0,0,279.72641912235946,normal,low
19.653348958533293,68.88708083088608,0,0,239.52607114302106,normal,low
45.915158448806146,74.7081017995065,0,0,182.53138254812927,overheating,medium
29.363278041114697,79.20530489705496,0,0,226.03457331803585,normal,low
12.91525413340095,57.09951859772891,0,0,180.70346009434272,normal,low
30.64790413191185,29.88384169321057,1,0,242.41340316826836,intrusion,medium
18.892372510650933,74.70741377688796,0,0,186.20877647553834,normal,low
25.012752453247806,36.71353610963149,0,0,149.15579431677696,normal,low
20.709576758866774,48.54156628061729,1,0,175.87010978886485,intrusion,medium
20.622347504266642,56.37816548538011,0,0,314.62087771469714,normal,low
23.423624994856723,45.28437361911288,1,1,139.8565827553661,intrusion,medium
46.7504234809648,83.09906188212877,1,0,170.89829556691208,overheating,medium
25.042167543832328,74.439921033033,0,0,247.82423176137337,normal,low
18.400478678663518,69.53099928001558,1,0,241.3112714886222,intrusion,medium
17.996164907172744,68.31619677342462,1,0,209.81816857522588,intrusion,medium
14.866057674442978,82.87478115443754,0,0,195.40623724333304,normal,low
27.705855722594695,75.28127697460701,0,0,295.43085976074275,normal,low
11.157466186619956,75.16211750729714,0,0,198.3568391113154,normal,low
17.044769413081703,26.91160734863636,0,0,213.0258054027883,normal,low
47.81725361274138,42.770246573030235,1,0,279.0614113213094,overheating,medium
26.97292658204624,47.20054498075534,1,0,145.23887057645717,intrusion,medium
25.843247438626598,25.076296939683385,0,0,193.51482619303457,normal,low
31.110267221827428,34.450321509482066,1,0,207.95460745985193,intrusion,medium
52.39684896518342,32.77236335508532,1,1,251.13922426943782,overheating,medium
35.12368289038066,29.60394494790306,1,0,261.0078468609704,normal,low
27.725256357434205,27.95289558245953,0,0,174.2918105144528,normal,low
30.429573786966266,88.7308544566031,0,0,271.2714839005239,normal,low
29.775376002700334,68.87193451787095,0,1,276.7284539359048,normal,low
21.895779192532054,72.89693815439428,1,0,128.8417914454975,intrusion,medium
19.113142492687153,80.75607936393928,1,0,95.67254406559051,intrusion,medium
29.275967289408996,68.17215391972601,0,0,182.50486850421652,normal,low
35.40312064862622,82.20297240894422,0,0,151.35967903376815,normal,low
36.95457100388725,26.02673633620357,1,0,181.25881233399915,normal,low
37.01493191548613,52.865209827664174,0,0,222.19705939977146,normal,low
43.31239019706273,23.834920990341555,0,0,224.0101116805086,normal,low
32.277250282036626,64.18504579838286,1,0,229.12916228171937,intrusion,medium
20.41836437575123,86.51735661277725,0,0,211.78651313703068,normal,low
27.152622439657,76.44890210042948,0,0,330.8165339296446,normal,low
44.23229622797746,80.70296963677674,1,0,188.91638266923997,normal,low
14.927601451098294,83.53925798423946,1,0,247.31294402183374,intrusion,medium
26.527362012423925,80.76249127613511,1,0,178.69209216218454,intrusion,medium
33.8002188213108,35.90164185081126,0,1,145.0087411108711,normal,low
40.04573299967525,63.86883496877996,1,0,116.40246337502153,normal,low
12.926495115511955,39.61703792879086,0,0,295.28797240309166,normal,low
24.030131199924718,34.88175907116921,0,0,264.8537968924678,normal,low
17.51773527266517,61.5039257939902,0,0,240.06750515788622,normal,low
16.079078345093407,29.532261789765144,0,0,228.40751710909544,normal,low
30.651324295525924,48.927547553805695,0,0,197.26658090136308,normal,low
39.94490888161399,82.01391027507191,0,0,138.74289036731832,normal,low
32.864888474302994,29.72456507326462,1,0,203.38411446861303,intrusion,medium
20.87005514338835,27.02540658833877,0,0,235.9174832510292,normal,low
32.74777541678375,20.732436032489183,0,0,199.70979294821956,normal,low
29.95760965839406,34.917024006358794,0,0,179.4049587974052,normal,low
26.72594460348146,78.33161037088703,1,0,298.21875727042993,intrusion,medium
28.63167688359974,68.38171112318415,1,0,179.52723841090506,intrusion,medium
19.890059743057467,28.198755117608954,0,0,154.47998907076868,normal,low
22.726767635706977,58.10640059170187,0,0,254.79544671788477,normal,low
30.20795049708554,21.462175665373408,1,0,220.38995126019543,intrusion,medium
23.171761792760694,86.92171976905776,1,0,228.23288896214422,intrusion,medium
31.880937908262425,80.23207618680111,0,0,144.37934916403768,normal,low
44.150827987439584,82.03308613853176,0,0,172.12694341803112,normal,low
17.004999228454853,40.87863000292759,1,0,147.60838786587047,intrusion,medium
29.593227873321936,65.53348268279986,0,0,225.66114674169722,normal,low
28.651211746475465,37.31320371440147,0,0,192.28645850801934,normal,low
27.37949985433482,59.56258514458749,1,0,221.3744732686149,intrusion,medium
56.03210604511526,89.25865806795957,0,0,191.99106756813305,overheating,medium
30.164268741273705,57.51164822477364,0,0,127.37381813544751,normal,low
30.225251817395698,89.46599479607322,0,0,260.1447347782178,normal,low
25.184116669892905,82.809678602615,0,1,110.23453282322195,normal,low
13.419637432316328,23.881800529802724,0,0,216.68637273294246,normal,low
47.63553546543871,71.43551581647289,1,0,175.22129249809024,overheating,medium
21.18184011333372,68.11536679918387,0,1,277.66630499324833,normal,low
30.736933308822927,75.01873005510976,0,0,102.52519537859489,normal,low
34.764233220132674,31.233917729282222,0,1,164.0981798338474,normal,low
32.97612452042673,31.590142858664155,1,0,290.1586014993659,intrusion,medium
25.56058634484077,73.9730349138137,0,0,257.7949123552235,normal,low
10.0,53.64915917570442,1,0,244.99666327017144,intrusion,medium
24.10536981111145,84.11456309306239,0,0,244.7460067298937,normal,low
32.453965910924204,55.54839375684763,0,0,250.94471016408104,normal,low
30.030684480097513,85.00521884471253,0,0,139.35914957272809,normal,low
22.89293621373453,66.72084280898667,0,0,175.81060274040894,normal,low
27.357436060395173,32.84741090766775,0,0,237.1064870483215,normal,low
23.787424941687714,84.0473255465146,0,0,303.89698082197145,normal,low
30.568368279197188,50.466334433499895,0,0,143.87742229700063,normal,low
26.28299054654762,89.76569372478389,1,0,213.60278206544058,intrusion,medium
39.50046531959659,68.82190575005006,1,0,307.3626005435344,normal,low
17.519464352250516,57.48321134409075,0,1,150.01113180537936,normal,low
18.173220448543027,25.956245449445994,0,0,198.9706618177323,normal,low
34.32588775690261,50.737037862812215,1,0,116.74329958460035,intrusion,medium
31.97993096340476,82.6202344971341,1,0,174.98799735211549,intrusion,medium
17.175808837317486,64.64527381737338,0,0,172.31379754425964,normal,low
32.477422822983876,21.771648943772046,0,0,239.99188970176377,normal,low
31.129235953300032,32.57086909294224,1,0,212.48428124559817,intrusion,medium
16.643428765724988,48.029908661385996,0,0,187.52985252748704,normal,low
28.367189195360822,40.2964793134646,0,0,289.2504243480075,normal,low
22.59403966789593,31.523036881465945,0,0,183.76973930235977,normal,low
30.896291115008534,47.611326272705064,1,0,237.3721953489798,intrusion,medium
19.34509399432894,74.76245157418833,1,0,244.6941389086003,intrusion,medium
33.09806389492368,33.54360074047805,0,0,83.88264475492223,normal,low
39.14585600655892,82.41913324648073,1,0,212.56012022286066,normal,low
20.121411946665646,51.52250714628856,1,0,235.83457910714358,intrusion,medium
35.49147644638945,54.625143560314385,0,0,269.60382862283967,normal,low
19.778147240823678,29.71865562277084,0,1,276.930090919855,normal,low
43.668365833381664,56.254576589982086,0,1,166.53744901722945,normal,low
10.0,60.96686383470727,0,0,122.48548822469645,normal,low
14.237931779892858,65.9501177279432,1,1,255.48319984988717,intrusion,medium
30.720848917349617,32.50737076512323,0,1,148.65035998484024,normal,low
15.557820976037018,48.970760666371014,1,0,199.8368939235047,intrusion,medium
43.99212612301574,83.90989829557162,0,0,151.75783175128277,normal,low
34.25549666461042,25.10639821501264,1,0,188.6630211477034,intrusion,medium
26.552563872224216,63.26221007438499,1,1,182.64037351642932,intrusion,medium
41.319539192694435,36.291530770235276,1,0,212.56787088087611,normal,low
11.687640874355033,44.45736300199713,0,0,247.72620751274968,normal,low
18.84842111098017,76.56446534249113,1,0,203.97799835354476,intrusion,medium
27.171760060059615,24.332872518494014,0,0,209.2111197776156,normal,low
29.250503333679852,88.69971252569496,0,0,302.4700886078057,normal,low
32.9815643073365,62.10854301499801,0,1,175.04244376894212,normal,low
30.754499701400224,88.26045211749599,1,0,209.11796429771286,intrusion,medium
28.422157033176628,79.0617654870255,0,0,197.07677287191513,normal,low
28.073997631436395,76.73799512359868,1,0,168.178716179098,intrusion,medium
32.75273009078003,50.57396454905117,1,1,218.71939681463954,intrusion,medium
26.811931690779225,23.25339559828098,0,0,168.06748731063968,normal,low
19.935464042301327,46.91087333953309,1,0,169.88137430969746,intrusion,medium
34.766618621902865,77.26188102353206,0,0,197.12220527039904,normal,low
42.5479201430679,30.369101809565812,0,0,240.3004438155688,normal,low
19.918154283496477,52.92946308877377,1,0,169.39741766158915,intrusion,medium
33.93622027920522,70.65323407360012,0,0,206.54493181455774,normal,low
24.73901129885155,63.08483712738429,0,0,283.30426486364286,normal,low
32.31627761362807,30.019980165038284,1,0,195.29108859751784,intrusion,medium
20.1110832617369,40.97239293454308,1,0,218.56987353450057,intrusion,medium
40.743429611183394,37.77649453979903,1,0,237.6703955471399,normal,low
28.431758243632906,73.0798897879248,1,0,239.65182165344737,intrusion,medium
37.84395829925753,67.26619377354487,0,1,199.5223846061797,normal,low
37.68977478817964,87.8202728714812,0,0,199.11089745516435,normal,low
46.478044930326334,88.97972315267043,1,0,212.57841343579173,overheating,medium
29.300487361099222,73.4936442563799,0,0,164.8441994917169,normal,low
24.66542514795216,43.34567092275017,0,0,162.00875257241316,normal,low
32.495293422647805,88.2081746612669,0,0,180.95862660658833,normal,low
20.676998181278616,74.93493843241939,1,0,149.8628088340565,normal,low
43.013044407302,50.32067199734992,0,1,185.87542440260665,normal,low
22.292065645929675,61.23223690794902,0,0,172.29176002972235,normal,low
25.944288052665453,87.37734745868342,0,0,169.67388508414155,normal,low
18.11442899033738,29.75548535980424,1,0,199.76138364478177,intrusion,medium
36.7005700617974,65.2491252408594,0,0,277.19015838294024,normal,low
12.28869861548906,70.51233990228285,0,0,309.28828675651454,normal,low
11.537366815584825,67.12110295364974,1,0,213.2588593098113,intrusion,medium
45.53077560047333,30.73983960269485,0,0,164.3679351388002,overheating,medium
43.32267164293589,81.37445174788678,1,0,254.07285858308802,normal,low
34.736897332276705,42.87863850229728,0,0,234.77459445985517,normal,low
20.28663278198156,60.72293365734854,0,0,125.7207538391733,normal,low
32.3427816450103,87.2202283320068,0,0,254.10257542915832,normal,low
56.4094265512702,73.67430307952881,0,0,224.81586873335854,overheating,medium
24.215828408844878,71.4595798918487,0,0,281.04641212713665,normal,low
36.109869268826344,53.65758448404235,0,0,293.11228052668554,normal,low
34.491189766652795,64.66064136552797,0,0,206.24528842064325,normal,low
14.467161525275298,52.14419392433422,0,0,274.6137397330488,normal,low
35.63236822994065,61.86984181240069,1,0,210.21864860740453,normal,low
30.426802117090787,58.13222021823961,0,0,185.52081001978647,normal,low
24.180272699032813,77.28903539796468,0,0,315.3147754798654,normal,low
52.41159670650594,48.61226141019743,0,0,170.4829385149045,overheating,medium
39.42380509835267,59.04848630813167,0,0,221.56182327177902,normal,low
20.611403993611482,86.71461251879688,0,0,168.77353901019723,normal,low
19.403394654976836,67.47518772185046,0,0,188.06395563483773,normal,low
19.269475304988923,65.68033576960178,0,0,141.9058570248086,normal,low
38.911542412360845,38.00957452125499,1,0,241.49217017834832,normal,low
17.270156147331218,68.89515642531043,1,0,242.6663881263365,intrusion,medium
27.841689917004704,47.76973804152546,0,0,245.15060662390084,normal,low
22.27491042281587,53.398267192624985,0,0,98.35899740568188,normal,low
43.66931059879914,67.89922791523952,0,0,159.0131887711904,normal,low
43.73253625188532,81.26628557837289,0,0,233.1634065242777,normal,low
38.42931647450584,36.521636912141716,0,0,291.327127595314,normal,low
30.633365921960813,31.83051954186968,0,1,205.1274864529724,normal,low
45.7157569570531,47.3116706194698,1,0,175.05869365846092,overheating,medium
37.189239489912076,63.417358661027016,0,0,230.22867689171915,normal,low
33.12717696886256,87.42414354407,0,1,184.32143680259662,normal,low
27.825032954686375,29.587446385014534,0,0,269.3559031332843,normal,low
10.198983582208907,21.970578627268953,1,0,192.49192972279553,intrusion,medium
45.07547593704189,27.388215535919922,0,0,240.93705068035155,overheating,medium
14.555030085024976,64.5157047343718,0,0,216.3557838036358,normal,low
41.1632001837552,75.71395144497487,0,0,240.87621949511203,normal,low
33.79796370848432,48.08169988827018,0,0,195.65820034128683,normal,low
17.9008294765496,67.24358873278581,1,0,185.7031728837903,intrusion,medium
13.043245028999728,67.81136409145482,1,0,201.99231480149868,intrusion,medium
13.336106050903627,22.850086826511493,1,0,185.6291845560175,intrusion,medium
19.987168968504992,86.02398918595641,1,0,168.06851808039042,intrusion,medium
45.561368849259715,38.54734453189508,0,0,215.8536535569548,overheating,medium
33.79128339673809,75.89492146813271,0,0,149.49972368642892,normal,low
24.808034902063515,56.11739454739181,0,0,209.05900485390464,normal,low
35.848860541628106,21.533873930772774,1,0,237.7862479452481,normal,low
30.7140682625498,86.30514902180488,0,0,146.26412644553653,normal,low
31.530978798640426,59.28256012815549,0,0,168.94492711870055,normal,low
12.558322427916064,52.172082741553155,1,0,260.3410581686216,intrusion,medium
22.730433167948508,36.734380890223406,0,0,116.44136891874173,normal,low
33.363885555664474,43.46035365016311,0,0,207.5554103996613,normal,low
22.62982927471896,39.68013153127585,0,0,162.06187404190837,normal,low
30.305830787146487,40.109654307151004,0,0,264.4587019677861,normal,low
32.59476977409977,52.73787743667488,0,0,255.78411777972627,normal,low
16.1356829752017,65.43407689026684,0,0,162.0528296951982,normal,low
50.13918980835241,36.307671203174344,0,0,215.9388951521169,overheating,medium
26.23349554472943,88.47418074544446,1,0,103.96890918096985,intrusion,medium
39.244453093306554,29.554267254527034,0,0,191.05920290830858,normal,low
50.17812785953882,88.74674230812363,0,0,212.3516759928606,overheating,medium
35.012365086368206,75.64773481220831,1,0,204.1859079472357,normal,low
35.31950917837588,58.45697238587426,0,0,203.5112871205207,normal,low
25.00041770243139,71.90033276552649,0,0,170.21897572413158,normal,low
24.957961702249204,37.16400238399639,0,0,206.37056697019594,normal,low
20.83352858916375,76.08466606687749,0,0,158.8716145728476,normal,low
32.29241927284563,52.47652782467196,0,0,315.1642456319257,normal,low
48.53986660512736,39.63660019324588,0,0,135.7548027022047,overheating,medium
30.01994347278037,86.18875867138311,0,0,178.26131671355637,normal,low
31.294782847203102,36.96613348891597,0,1,174.4052575312328,normal,low
26.62361925803134,79.5261588936414,0,0,180.24255597145495,normal,low
31.954477662682617,39.40450491422471,1,0,274.1800853829394,intrusion,medium
20.145668814576666,73.61332182696427,0,0,161.26086854316108,normal,low
38.757023595824776,20.86450318147324,0,0,255.58521456514055,normal,low
32.57521861014133,34.89540594682501,0,0,189.33139816824928,normal,low
30.940761444092164,20.3726746729537,0,0,178.77529534046033,normal,low
30.470097324101957,73.09640779620709,0,0,171.65047634999962,normal,low
45.39220997852977,34.19977456194963,1,0,291.5800362099815,overheating,medium
28.76015457307116,39.271588215467844,0,0,207.70669002844664,normal,low
51.350303260885255,84.62861784956385,0,0,311.1785176280549,overheating,medium
18.505764805660604,48.444939143536836,0,0,260.71202252142274,normal,low
19.326030579188632,82.19701872764375,0,0,152.42009766424206,normal,low
32.417849829886265,44.960857608829016,0,0,113.39541793037064,normal,low
32.56393429569012,77.69158983419182,1,0,106.79969644254003,intrusion,medium
25.246643142086167,35.971761512976634,0,0,324.8731291280969,normal,low
41.15618174957784,56.14841512319487,0,1,158.51103583011434,normal,low
12.926121294699673,41.97405194482367,0,0,340.7881871259867,normal,low
31.5159616159885,53.38755500069234,0,0,228.44552994321944,normal,low
30.015421964422035,20.583878536145882,1,0,160.53870013351982,intrusion,medium
27.217682514951637,64.00336228739192,0,0,227.88893957405008,normal,low
25.684982345254298,85.3769135910925,0,0,233.16206976616917,normal,low
31.204087870454103,89.8569263285209,0,0,174.91350523235022,normal,low
39.926352817632576,44.229377569329216,1,0,136.6032259993838,normal,low
34.83807873091037,57.668869367082216,0,0,219.53179234234665,normal,low
32.414638387188454,47.970339064635255,1,0,238.86034224119416,intrusion,medium
28.2612945988106,52.669389923169426,0,0,198.70559202008326,normal,low
22.653930642236006,50.76103260303756,0,0,249.83748091166936,normal,low
24.18475942721154,68.44453152774551,0,0,226.8667120515055,normal,low
19.818064655441958,25.175225916121438,0,0,160.89179462316687,normal,low
36.64359472497409,48.08450579786685,0,0,138.42207314934836,normal,low
26.335175046911274,84.68065138498432,0,0,225.58097515422796,normal,low
38.34955080658844,65.28932910832879,0,0,188.88054920852773,normal,low
46.644214394694195,79.13158732043173,1,0,100.9866518570662,overheating,medium
40.823322447661944,39.83208632176396,0,0,82.6766551851613,normal,low
26.9522923555241,26.528496400921366,1,0,239.03568206813668,intrusion,medium
18.65918097468855,67.34541897142965,0,1,123.05174999364684,normal,low
23.64886283448874,25.302353111799043,0,0,200.15073844792988,normal,low
21.96038116130873,85.94244638684789,0,0,138.95510019084162,normal,low
13.926853534982651,25.411223672421098,0,0,112.78298043038183,normal,low
29.195961970361996,45.41114517810256,1,0,269.17674862595857,intrusion,medium
29.47931463207002,36.74461267261765,1,0,196.30060369265223,intrusion,medium
41.22416317001328,79.8109791341563,1,0,205.18744463007232,normal,low
41.6026817072217,33.78240554838987,0,0,293.6349668742178,normal,low
23.99833314508236,83.05483362720321,0,0,181.08498294792525,normal,low
39.35709004872341,47.75377960329665,0,0,189.40240065010687,normal,low
24.664778029354352,89.13003873906115,0,0,283.2610414607664,normal,low
41.51318453770883,88.59316036126476,1,0,142.17925640888578,normal,low
42.91841718628761,53.82291437681935,0,1,260.90632912684003,normal,low
27.483662348025895,47.706087992638885,0,0,196.10895680158708,normal,low
24.317704875096517,78.58216475787444,1,0,214.1855765049909,intrusion,medium
39.68429696131578,21.73175582435008,1,1,223.51896402729898,normal,low
24.104510281887904,36.77215948239676,0,0,217.5360562807637,normal,low
32.32783944088705,59.12177195870197,0,0,158.7635645636891,normal,low
32.79727103702538,73.0609960418472,0,0,196.50685802302294,normal,low
27.733972082574798,69.7043299401012,0,0,247.3323249465522,normal,low
31.91787828047392,85.90917595316333,0,0,297.25234535085184,normal,low
28.92441034030571,38.5850766232704,0,0,233.94951749474635,normal,low
22.715757350221153,33.703123286063885,0,0,208.61162887714812,normal,low
14.47855051860678,60.3177750849033,1,0,196.63755574276547,intrusion,medium
37.546906025060885,54.594152740652056,0,0,167.37207147270254,normal,low
10.0,70.01424091860595,1,0,152.25113981589777,intrusion,medium
22.248760801173574,75.96505605193602,1,0,221.62839537730497,intrusion,medium
39.90211426128127,89.75424968270622,1,0,174.79567583578262,normal,low
41.162136582104125,34.10733760779307,0,0,211.02362890020555,normal,low
37.61644815200147,86.22042601688348,0,0,264.9531778299642,normal,low
28.75774209442826,57.36619513647504,0,0,260.57222753473343,normal,low
21.50854800959587,69.55039241813482,1,0,193.76473863664464,intrusion,medium
22.58935560792333,44.64177652102684,0,0,219.66077610943597,normal,low
27.424980974583058,32.00162180694139,0,0,298.34804652375954,normal,low
29.690289451207395,26.031558082557815,1,0,180.17346807769897,intrusion,medium
36.45746661640847,76.62392497631902,0,0,179.31851485320547,normal,low
19.016264764399985,60.346904501595716,0,1,82.57618380008786,normal,low
29.4136348501362,84.0060076531147,0,0,183.9137159633615,normal,low
35.08703326676003,23.61899382298921,1,0,157.60232739037355,normal,low
33.319907404765125,57.577517812058865,0,0,200.13948297220753,normal,low
33.87065234484483,85.67896736976411,0,0,163.12969796091213,normal,low
42.8307095424306,42.34671467217431,0,0,172.94912602996556,normal,low
38.84968252885147,39.6291701972838,1,0,171.0967211590016,normal,low
35.82457082318513,69.28746859498082,0,0,150.9724469141286,normal,low
32.72509896517157,61.055301673259656,0,0,232.25733007809183,normal,low
24.740340363567295,44.13710752368809,1,0,201.1035004439303,intrusion,medium
31.521676258818346,41.51339436306014,0,0,263.9523814168888,normal,low
30.477203173574487,39.65387449135859,0,0,161.37097829629417,normal,low
45.93460059295943,70.27099899975579,1,0,203.43852502163983,overheating,medium
32.619746802724535,85.06924766738874,1,0,220.9368181207427,intrusion,medium
26.019374785026447,39.40078915180583,0,0,177.00683046659827,normal,low
37.426465147861734,83.42763326219796,0,0,150.6059225084885,normal,low
19.61570965788708,87.74998577534656,0,0,136.63182232154088,normal,low
43.3939291493445,63.78760163410185,1,0,114.27029753667567,normal,low
29.029836656034856,27.83633623046623,0,0,186.03305192722178,normal,low
31.13907586270508,43.69288423283943,0,0,162.1287220448409,normal,low
27.557798554489512,21.694507784549092,0,0,248.62114415265034,normal,low
18.93548225420347,21.602054307361673,0,0,265.01308669312533,normal,low
35.816593399815645,70.5130219555591,0,0,182.51705223952447,normal,low
26.502615378686816,44.83140066643501,0,0,220.88646543997254,normal,low
40.012114790571964,82.32688848218281,0,0,198.23596294559144,normal,low
27.571671279840032,67.9400338509669,0,0,251.29563308700543,normal,low
30.115555854813273,32.138850613610224,0,0,195.6914574675965,normal,low
26.207197421956096,24.937631528914398,0,0,139.09289010756495,normal,low
49.60195512052041,77.15152921210985,1,0,246.3562128837006,overheating,medium
26.108456571733083,27.460199103679763,0,0,220.54262012054446,normal,low
28.549830842826395,67.76739788230503,1,1,191.03542974178356,intrusion,medium
24.90600954438102,58.52242533392536,1,0,195.80629428734557,intrusion,medium
19.173091856384776,82.44216212631726,0,1,150.4789404746408,normal,low
28.968445662064614,34.90855087214994,0,0,146.4622151908295,normal,low
25.717480156828458,89.80091141563115,1,0,190.18637801722554,intrusion,medium
32.04790848578035,71.32456288766781,0,0,240.30607839083476,normal,low
43.116415588906364,70.73553245879057,0,1,179.82522905938444,normal,low
29.571222493942585,80.83236646798431,0,1,211.829923366643,normal,low
21.00631923160666,20.793004554377596,1,0,127.05381501028062,intrusion,medium
32.14284621973001,64.56791305290585,1,0,208.12120556888618,intrusion,medium
21.057530691142375,81.10578041464876,1,1,203.66009316374127,intrusion,medium
35.96851730088767,50.839785910719556,0,0,165.83219926318674,normal,low
18.6278235877611,63.61740724069642,0,0,235.12980091805298,normal,low
20.501427970437454,60.235289665344375,1,0,280.1512219048267,intrusion,medium
49.032341573704656,74.22338772357375,1,0,115.35058055474168,overheating,medium
37.91235337498693,68.55071213264796,0,0,243.6040861132953,normal,low
22.396348748365035,61.397505366385325,1,0,189.8166289667566,intrusion,medium
27.31037675562516,28.16182376838244,0,0,294.9609582946458,normal,low
28.226355903847047,22.734279057927473,0,0,194.9652792775339,normal,low
38.07237061259129,85.53489607849377,1,1,256.6290686556516,normal,low
25.021886371941928,82.91805503762592,1,0,115.516653559852,intrusion,medium
27.517349312198327,27.06766626067354,0,0,117.64343338100373,normal,low
29.538469050246313,49.834804511816124,0,0,219.71337788861203,normal,low
36.28579100424167,42.07449233005316,0,0,230.32630138966286,normal,low
20.406847098091095,72.26181847512024,0,0,172.09194683313822,normal,low
43.276971043453564,51.39829562732595,1,0,220.15674982054796,normal,low
13.479616689383572,24.078500373974357,1,0,127.80878109464335,intrusion,medium
22.015126567596774,24.088963745011508,1,0,101.59645563949525,intrusion,medium
40.10404180886868,70.05556128369678,1,0,130.17715258796284,normal,low
28.987532441776136,48.51478940723999,0,0,279.3973813282276,normal,low
16.073763080163438,37.9658843115336,0,0,244.83405116458852,normal,low
14.83253507200507,46.25884759943415,0,0,146.90782555602559,normal,low
25.867060907504197,74.66683585206468,0,1,184.28285283661015,normal,low
24.105873267544816,89.0341051058003,0,0,117.01984843801004,normal,low
21.839683833469547,49.777735021217765,0,0,163.17135166432357,normal,low
28.122939942361064,53.539344685569056,0,0,148.56547055659155,normal,low
32.336504205250314,34.89666095337263,0,0,280.1619079931809,normal,low
47.501700340878855,89.16909864997832,0,0,117.37837177846022,overheating,medium
33.31493637485038,63.501542574124784,0,0,234.4909235983234,normal,low
20.63198490062779,88.13389747972212,0,0,186.53730145369855,normal,low
36.05570082329323,59.09551185199446,0,0,171.2178134415927,normal,low
33.44960118754223,33.7163124359221,0,0,241.86584790218552,normal,low
28.397011349621373,63.48159613732003,0,0,243.78457012471537,normal,low
14.227969774111607,59.55559059356182,0,0,191.94695914315525,normal,low
32.639395229549606,82.22569631838452,0,0,147.41497103814115,normal,low
44.0322574581176,37.71982566048496,1,0,183.93575420948505,normal,low
40.30091772422818,43.59884248826579,0,0,156.83418041011925,normal,low
38.415892922212244,75.69386911126269,0,0,251.5907835847479,normal,low
27.7456162933259,45.99527209057008,1,0,179.05819156909598,intrusion,medium
33.48638752848329,73.63767523534278,0,0,291.38835527389574,normal,low
38.796136199918536,81.21929777935124,0,0,138.43238412333847,normal,low
22.52550155495459,47.787983577948914,1,0,226.4638573230551,intrusion,medium
38.825840231189986,60.05305780895854,0,0,172.37483957084584,normal,low
39.15132152358703,59.42761031327323,0,0,236.63676502218527,normal,low
11.768784588720372,48.619863349869526,1,0,220.8645301497831,intrusion,medium
38.158296189872885,67.44595353254408,0,0,146.01048143619903,normal,low
27.04861097154008,55.23366703309012,0,0,250.86621670961568,normal,low
29.980270131153212,55.854273259789366,1,1,196.17891750017833,intrusion,medium
16.166897164375584,89.66036953380186,0,0,301.28605082721793,normal,low
23.39645580778003,87.70036365104552,0,1,324.48660475060973,normal,low
22.06122785130195,81.74524241831492,0,1,201.739048982666,normal,low
26.048913516745316,47.54691396935347,0,1,202.9833146726374,normal,low
44.15049178466779,25.217554733306304,0,0,216.3043011984721,normal,low
38.153075286342286,75.56205083073937,1,0,191.74732638906406,normal,low
10.0,25.57070717177173,0,0,108.08798557448068,normal,low
24.445893139089257,45.951242667642944,0,0,284.824656983015,normal,low
17.002035325041795,30.49130749320507,0,0,189.92904413378454,normal,low
13.30766081643035,51.33145023771516,0,0,162.4891972067293,normal,low
24.91630818056496,42.35957455051996,1,0,194.1042641836404,intrusion,medium
39.703728387787464,69.15998208006656,1,0,245.23396577284043,normal,low
14.698368060992454,70.97924896510006,1,1,190.2498208434255,intrusion,medium
34.765164976535864,40.98557548845666,1,0,195.1838345826433,intrusion,medium
29.67973454762102,39.7107012085134,0,0,188.6611258620614,normal,low
11.278375666240233,29.55274146953873,0,0,213.43041727860745,normal,low
11.17717115364026,82.17915103925513,0,0,225.9511398165827,normal,low
47.66112356107632,58.687398973054066,0,0,93.40340638030882,overheating,medium
27.603519799412084,41.6947016591249,1,0,202.85075157687965,intrusion,medium
36.863388853531745,30.072781338652852,1,0,267.3199717347157,normal,low
19.566109281622992,87.15099771552808,0,0,232.76738291663582,normal,low
29.1851409460673,29.16137776894125,0,0,211.92462710161976,normal,low
38.97728781869269,49.09628477795998,0,0,69.06020343430032,normal,low
18.81494066275794,30.53956457493191,1,1,50.0,intrusion,medium
34.00952248306804,77.9814633753519,0,0,161.18444894216873,normal,low
28.14172414230255,53.6362686772516,0,0,204.27565490696853,normal,low
59.91294894793715,83.59909568318025,0,0,148.14703280581043,overheating,medium
38.65764543519488,47.356426466934245,0,0,217.33613968703526,normal,low
29.312013664602617,52.09502122888059,1,0,243.05817656485513,intrusion,medium
36.46342378681968,20.199293350219072,0,1,211.32222996658476,normal,low
33.302065138653845,29.769349797422624,0,0,222.58263450782565,normal,low
23.077103398318755,27.85424063573441,0,0,144.1962304048924,normal,low
37.532010703419665,60.339471806663845,0,0,319.8869833695606,normal,low
29.391332339788597,77.16585843987353,0,0,214.24804217711588,normal,low
35.70802745725524,38.08579770429151,0,0,309.3396196547947,normal,low
49.39349488686724,75.91915893263123,0,1,202.22363698511103,overheating,medium
49.08967626334685,44.24576537396032,1,0,193.21227724481025,overheating,medium
37.525669785268185,26.441263859869814,1,0,68.51650828328724,normal,low
35.72699141988087,45.79358924678047,0,0,215.03843859487662,normal,low
18.87038017048022,50.43570494060074,0,0,135.46309397440484,normal,low
37.805875318884134,58.57260279352255,0,0,224.87325524628312,normal,low
27.189071953938893,64.21478679039015,1,0,264.76321683870776,intrusion,medium
25.04902793104911,66.59122844133944,0,1,245.03139624819624,normal,low
38.483637318719424,60.973202924720944,0,0,161.80406293269266,normal,low
50.82688109692683,56.45446035025752,1,0,202.943481593917,overheating,medium
31.768426199826113,42.64511652285083,0,0,135.92055342226712,normal,low
22.14674848304669,27.161946829850443,1,0,184.9777391943213,intrusion,medium
27.762102333771757,27.495117273068836,0,0,189.39751359803856,normal,low
10.0,75.50209375731626,0,0,160.48761313443777,normal,low
29.848583310447147,86.53552923413662,0,0,186.1885166033366,normal,low
46.66821952116693,54.53989947929913,0,0,220.73912461927708,overheating,medium
36.75695871967034,29.61850658642195,0,0,148.0659613237727,normal,low
14.754902526333737,71.88068360468145,0,0,264.7710682101652,normal,low
35.2397439524516,82.41198873786185,0,0,263.18999084284667,normal,low
12.671506929418427,88.2919539341814,0,0,190.04609519970094,normal,low
11.17392514565993,44.974763961957734,0,0,114.14559874166727,normal,low
37.838819669178115,72.67211823967656,0,0,198.08835989428889,normal,low
17.15702250313243,73.19406709790373,0,0,284.84216726146406,normal,low
26.125405395508853,87.6217196024046,1,0,214.68435507840158,intrusion,medium
37.82559374266191,20.723815805588345,0,0,233.48213493723867,normal,low
41.78936440164328,57.506261512818185,0,0,163.38886779421858,normal,low
25.324258698087494,41.732876133325476,0,0,246.7264036211103,normal,low
24.658375887980874,65.07107916205484,1,0,235.0000665063884,normal,low
26.714206241761747,60.558264461881436,1,0,202.02626457699841,intrusion,medium
28.56234764480213,67.79076223802113,0,0,158.2083137609833,normal,low
19.272165509893846,56.47061344427866,0,0,295.9762512645241,normal,low
12.598686373469011,26.203734232201555,0,0,286.9294030917886,normal,low
28.041318708037046,48.51130818754294,0,0,163.9032295522118,normal,low
30.16948752449025,31.77938892313389,0,0,247.62399512863985,normal,low
29.915315270760225,58.82285941386148,0,0,187.38560447829212,normal,low
30.06825271465787,70.5675349392598,0,0,173.26357422052382,normal,low
23.34686481166228,53.170336289730734,0,0,149.49059864022445,normal,low
39.27206548236483,65.69636543922334,1,0,135.8609548922383,normal,low
28.629343405137135,44.44961464794167,1,0,242.4858845602349,intrusion,medium
26.597748518293034,23.279291847348652,0,0,201.6354075379654,normal,low
35.24066048382521,62.23258578184263,0,0,216.11635758094337,normal,low
31.86392615573664,20.138189889837108,1,0,191.50803527611555,intrusion,medium
33.70777327741321,41.597917427012156,0,0,225.87998612901788,normal,low
16.816724303931423,39.337648512037894,1,0,237.2334508001968,intrusion,medium
39.84108813395248,26.54258279527126,0,0,165.88051661938732,normal,low
42.8609091034946,23.352076559410754,0,1,282.56387828362546,normal,low
18.43831853064967,27.929382912375953,0,0,151.82133161667417,normal,low
22.619050186216345,26.61012257158138,0,0,160.28388471817956,normal,low
14.28116960057002,76.12132233108815,0,0,229.60229673296567,normal,low
27.266073901250664,78.6613089349375,1,1,248.01209733432916,intrusion,medium
38.9653066508606,41.96232255137301,1,0,246.14260714355174,normal,low
16.260655029645868,48.10055455092001,1,0,275.20444857786504,intrusion,medium
46.794599961877154,66.25108843581216,1,0,167.27755671316365,overheating,medium
22.675952827733777,73.49765797255185,1,0,112.99379412523264,intrusion,medium
27.670726500535494,64.5771904077562,0,0,171.80287412931472,normal,low
38.577288156761895,63.32384926020147,0,0,210.8801145654603,normal,low
34.77619831102903,57.19046971945626,0,0,220.04666098673974,normal,low
34.62499731342405,73.38793068962497,0,1,230.98517388033002,normal,low
47.72121171054003,20.388770563687242,0,0,181.95268692810205,overheating,medium
23.705589388666258,28.733064756322364,0,0,158.59092072977032,normal,low
29.608260308480336,85.27313705211435,0,0,272.7658158344549,normal,low
21.77896721284455,51.25994806440772,0,0,317.3375037221847,normal,low
32.61078898008875,39.12580514209448,0,0,239.16225015952796,normal,low
20.576544579740442,75.24294145221569,1,0,159.74595785715184,intrusion,medium
31.32306650670085,58.49048539259699,1,0,95.18589673646424,intrusion,medium
36.47015340280167,51.112654299651666,0,0,144.244403415031,normal,low
49.7675531422243,32.54309677578203,0,0,313.52456717841704,overheating,medium
34.27867119460264,61.94048351988557,0,0,187.17465813696248,normal,low
44.28863824905933,38.75482933806856,1,0,166.63920063585277,normal,low
35.20768352889513,77.55094940345681,0,0,105.92194031888872,normal,low
25.379833853469748,55.46787992716413,1,0,197.9654816952334,intrusion,medium
39.39571659859782,29.36836146559913,0,0,262.3033120232134,normal,low
33.262882002576994,44.13098616376878,1,0,259.60415756592806,intrusion,medium
36.53083745463481,23.981846923731705,0,0,171.51504669631998,normal,low
27.742580091538713,80.34358505906476,0,0,253.8165506933889,normal,low
32.64188565119054,66.28861745958761,1,0,250.37683010701394,intrusion,medium
19.36409422445668,36.46711161552811,1,0,244.1180875066207,intrusion,medium
21.4493683255711,47.04608250213538,0,0,267.72153736614314,normal,low
35.576072726519754,80.11929483229558,0,0,293.7601889760581,normal,low
33.868929835441904,72.12586167388686,0,0,189.09336883375113,normal,low
25.627976288547337,64.88109616555289,1,0,156.11733757297986,intrusion,medium
34.15723451786183,27.02866389065452,0,0,174.78612761500162,normal,low
35.62554072278395,34.19229001462313,0,0,169.85385929868391,normal,low
21.72417652243173,20.108670889241395,0,0,100.57167583662357,normal,low
22.221554532792247,57.94879227097341,0,0,222.35680804148652,normal,low
24.16340622320568,61.29323794304195,0,0,184.1896681804812,normal,low
50.009095736885854,68.28531490108395,0,0,207.19823045333027,overheating,medium
51.45236985541239,67.04017724497966,1,0,225.85434832024583,overheating,medium
39.20925620936819,75.78378065600253,0,0,105.2154472647212,normal,low
24.304226557752134,22.938055850017093,1,0,225.88794948400968,intrusion,medium
27.754803732016185,44.80578981543161,0,0,120.23540420227967,normal,low
35.99570857453818,79.13731600953571,1,0,242.00075541293,normal,low
24.3780108254299,49.7095915261464,0,0,206.04985274269026,normal,low
15.827769591919381,52.40223808659708,0,0,198.06426548229516,normal,low
14.190871751624845,86.77374868437877,0,1,275.65187571527684,normal,low
38.03056732079885,83.22971808207402,0,0,164.71501044084675,normal,low
33.276646889880155,48.90541805043391,0,0,224.68172128791656,normal,low
24.74247695553167,84.6034356034096,0,0,235.39147463579104,normal,low
40.71216964567714,77.74468098875582,0,0,168.06776600913122,normal,low
25.626377743705838,37.708344659831326,0,0,272.1350684112648,normal,low
31.6602464912239,78.72306193004097,0,0,132.54832517596307,normal,low
10.0,68.27756958164028,0,0,223.93912083359342,normal,low
27.65605549747842,66.1812592018334,0,0,285.45044641212877,normal,low
23.382787970008035,88.22644135243152,1,1,178.60747011918733,intrusion,medium
29.149857388532794,34.366559674551084,0,0,219.40338673805874,normal,low
18.04419893997919,79.03722466546834,1,0,161.37464975306074,intrusion,medium
23.451665215102356,80.54080920976385,0,0,251.79112013159568,normal,low
27.961970913925565,74.68194060269971,0,0,183.05995194690362,normal,low
54.38925025154411,79.44722857811647,0,0,259.83990020575317,overheating,medium
47.97077295252045,61.500012687231425,0,0,230.62452901727715,overheating,medium
31.907808832507296,24.191624482683192,0,0,151.9835986346237,normal,low
22.727508059491047,58.84120025804531,1,0,109.86003248718431,intrusion,medium
28.560085006663062,84.22044797987132,0,0,229.29643872124302,normal,low
16.24702975676417,83.30610093613862,1,0,176.81738593331937,intrusion,medium
27.669462254860022,59.261589169960374,1,0,166.25160216730103,intrusion,medium
38.02567844771333,80.59910896786099,0,0,101.80980284343845,normal,low
35.991032420379085,65.7264899000367,1,0,255.00678971060833,normal,low
31.48233958949748,61.982568616564066,0,0,209.75405874170218,normal,low
38.381398908577395,63.99077164558426,0,0,181.6476482111825,normal,low
41.730976365412914,71.11053456062265,1,0,150.72185084005866,normal,low
29.782270733618688,82.61477097486312,0,1,146.8675588827046,normal,low
10.0,37.24354886204917,1,0,112.09414667319166,intrusion,medium
31.07211948584548,70.74463331585073,0,1,171.45361620377682,normal,low
31.373223901678074,35.9582151925476,1,0,231.72217809787887,intrusion,medium
20.644213415415884,58.98593091844888,1,0,245.33457826388224,intrusion,medium
30.701535941998223,79.59655102913194,1,0,96.71679140375547,intrusion,medium
10.632474951748357,73.63645032526563,0,0,250.96580761116513,normal,low
26.808491540074577,74.55350167138229,1,0,151.89099164653953,normal,low
47.679459056225035,84.73196942409125,0,0,275.10516838872326,overheating,medium
49.13201189363578,67.13730369579747,0,0,193.64793859178593,overheating,medium
37.63081312000976,45.319620925783624,0,0,125.52287288998676,normal,low
17.658540985241487,51.398570983522276,1,0,268.06774913350546,intrusion,medium
33.385675307934314,44.14989709363097,0,0,149.86066644709288,normal,low
31.656816549777226,27.266110966937,0,0,136.54266213665048,normal,low
37.79399163139843,65.86071352400498,0,0,231.92517873898328,normal,low
36.29040014452008,44.43448839338172,0,0,197.00497327559125,normal,low
36.76429200114152,49.06099887796027,0,0,137.09973784301545,normal,low
34.447548256904916,56.78110303545696,1,0,151.173136098835,intrusion,medium
29.32658995700633,40.29134499979015,0,0,121.5205558827532,normal,low
34.58620787124548,64.14581177486518,0,0,195.75965595661623,normal,low
24.143211577863845,49.342862134342255,1,0,284.2948385158735,intrusion,medium
32.463649089217185,87.35968371127629,0,0,157.71740777076076,normal,low
41.608198046691,37.54023296648165,0,0,107.71099380327854,normal,low
46.13514585806036,26.76549728205066,0,0,248.8687876831549,overheating,medium
47.84404247603204,79.54616411885405,0,1,297.63590226997155,overheating,medium
30.525211838765436,20.48762298242885,1,0,161.04097502415337,intrusion,medium
14.090964012574613,32.382897601581604,1,0,112.77919120349029,intrusion,medium
29.226442910197424,74.45843036973758,1,0,214.26755019237075,intrusion,medium
31.423503888105646,55.09742599690561,0,0,233.99084474399433,normal,low
36.17763783606367,67.69689732511091,0,0,161.95194331940655,normal,low
25.773770601489176,37.38095838508431,0,0,248.38873559151097,normal,low
18.86140394178183,26.14067482808077,1,0,200.3390991343134,intrusion,medium
23.325473648653134,62.187136421681856,1,0,131.94337091156586,intrusion,medium
19.136231218877697,88.0801992277934,1,1,167.1266480155171,intrusion,medium
22.159556720840847,59.30304805696805,0,0,241.21340578508105,normal,low
36.83845028243135,72.26962876082993,0,0,169.0442210061011,normal,low
42.79023661444554,83.4138344769965,0,0,151.71817011627317,normal,low
29.31202778767948,46.92819521364092,1,0,219.45288992805214,intrusion,medium
21.783505298527942,48.47402345315872,0,1,227.0768419815432,normal,low
34.65850122025394,38.75275248454608,1,0,212.75003375757564,intrusion,medium
47.573834685546586,68.39863944008796,1,0,79.91011459765494,overheating,medium
30.20109886677744,55.09969555093218,0,0,248.1361342508073,normal,low
25.83057088566786,53.20683954083965,1,0,217.80182357826192,intrusion,medium
12.080843018660602,42.72122704878922,0,0,147.0125505694511,normal,low
32.39641242140599,34.272985067101246,1,0,122.75243322649649,intrusion,medium
57.82576976294468,51.966509986109315,1,1,218.65581963037485,overheating,medium
39.29987731311856,53.50014365136494,0,0,154.96872870904562,normal,low
18.48368160709625,74.36516226629348,1,0,223.62883577903585,intrusion,medium
11.484033771836817,36.50098519780052,0,1,174.25548449312103,normal,low
27.718209948510907,82.74842666944872,0,0,233.71338259496687,normal,low
24.37311893144787,84.00517893035028,0,1,283.92022384351037,normal,low
36.38326078242131,43.61644170087573,1,0,194.33724551132076,normal,low
35.205913606125534,62.238098654250365,0,0,240.32146752324655,normal,low
28.15977887593648,35.52993057520762,0,0,241.34037015452793,normal,low
20.548112814607506,59.530072177941705,0,0,237.83688831566414,normal,low
24.915009388257936,81.73678434051212,1,0,154.7323396243247,intrusion,medium
11.953304370304018,49.06846032456385,0,0,302.456757187255,normal,low
26.693685537214332,58.70721368366367,0,0,184.61787518926175,normal,low
28.91377799424556,80.76521957720887,1,0,269.0414802221063,intrusion,medium
17.268403417129406,84.30608766239568,0,0,165.32341851003702,normal,low
37.222179962808106,53.5627219778855,1,0,264.34451824596795,normal,low
45.51257400662122,88.454928589208,1,0,173.14961019265394,overheating,medium
33.320728535177004,76.57539106895373,0,0,204.95980837584028,normal,low
24.230281234677708,89.05852008830425,0,0,239.35975200914007,normal,low
29.622677979576356,37.764746774662335,1,0,128.58143425957192,intrusion,medium
16.818570068714664,61.105441200662554,0,0,258.02535966700816,normal,low
19.42716108385884,52.14476000952321,0,0,211.8155594973724,normal,low
18.64959865386152,75.91071788843283,0,0,180.82070470344735,normal,low
21.068134398427375,81.13480612139617,0,0,310.2769716901696,normal,low
18.698309491896005,72.2537841419524,0,0,181.9938371640665,normal,low
46.36978968716964,53.40614784312745,0,0,160.78844085867001,overheating,medium
20.774309954925506,80.30769924191765,0,0,221.52160624976761,normal,low
27.59146721276812,71.61158019938176,1,0,201.0149823056001,intrusion,medium
30.348460727323975,63.4886307284698,0,0,158.88456257187886,normal,low
37.73947644291885,58.607329664882116,0,0,170.59280976486733,normal,low
48.461284781607986,52.42454235572457,1,0,50.0,overheating,medium
10.0,57.26258106704337,0,0,159.663277031344,normal,low
36.293324225672734,84.41274792981307,0,0,166.76788835725137,normal,low
36.242193489501155,57.856701526590584,1,0,156.63928468871165,normal,low
26.424381019184118,32.35085116782577,1,0,146.0223810686894,intrusion,medium
43.60690515483767,77.31886069696074,0,0,237.59105697905417,normal,low
40.51430544253897,42.61331278526174,1,1,226.38472759661673,normal,low
26.031821862926456,55.05025612280155,1,0,297.253408046466,intrusion,medium
29.10403325264657,57.87303946867821,0,0,259.5775465931628,normal,low
26.718172787876316,22.807917513150855,0,0,227.5859292608086,normal,low
10.78223795592233,43.27053013146731,0,0,347.73475612945305,normal,low
39.92683986767733,82.47101006390176,0,0,152.91080170347007,normal,low
30.09297511127282,51.05775793474494,1,0,231.13386532968912,intrusion,medium
10.589898141070488,79.31150873401812,1,0,192.5051332624444,intrusion,medium
19.240025558254437,43.72439498768797,0,0,258.0865282641529,normal,low
23.442234098625168,75.31081972314793,1,0,142.61369022924828,intrusion,medium
29.072058143018477,87.77180244371071,1,0,246.16327920679987,intrusion,medium
23.651435437992035,26.05576595566637,0,0,223.58955377828875,normal,low
41.23169129136141,40.20047462614131,0,0,213.13504765160346,normal,low
29.853431723381128,56.009691047179906,0,0,192.6575376298801,normal,low
36.75870820319466,70.04428476498836,0,0,125.45473339690727,normal,low
25.310522053123684,72.41023572551995,0,0,119.91399205296004,normal,low
33.93483220891188,85.38927306383239,1,0,134.9766932481143,intrusion,medium
18.659432504257694,32.55388763887224,1,1,248.39545155023455,intrusion,medium
31.16364207223381,27.019641395450943,0,0,239.81875006168124,normal,low
22.449912384838555,82.02835915327401,0,0,247.505537161259,normal,low
39.582137989889375,37.69383950735923,0,0,204.95706266294965,normal,low
17.450673187605737,22.991284539805932,1,0,207.32322719251138,intrusion,medium
23.660441552051488,30.613626576521263,1,0,181.03855732386842,intrusion,medium
34.08388578634947,31.066471770021817,0,0,263.6599512691429,normal,low
36.453748438149056,84.83284319855386,0,0,215.64163339713627,normal,low
26.597835067929125,59.32963899327062,0,0,186.1520144594131,normal,low
10.0,70.10220156772493,0,0,216.7451955484739,normal,low
24.433074515621616,33.19288567378197,0,0,166.43960019077605,normal,low
48.0527483351805,88.41119727718562,0,0,204.49973169120855,overheating,medium
29.271987544123846,42.94101491490149,0,0,183.38950040320776,normal,low
21.65033240362851,34.80889998450595,0,0,156.6676225812336,normal,low
22.45431752550922,53.34291074095003,0,0,202.14122769318334,normal,low
18.980227908866752,81.9592761891158,1,0,208.10865022964717,intrusion,medium
31.344471910894498,65.9412115266906,0,0,126.1123017322425,normal,low
20.418540442491064,22.69113669179572,0,0,191.8615003269506,normal,low
26.6077377771666,43.74769609990048,1,0,178.82455626437314,intrusion,medium
18.130111244727203,28.006775591447308,0,0,176.36553922609252,normal,low
18.907630215415992,52.66715815751301,0,0,189.23157694317212,normal,low
45.39825820007385,72.25728920547623,0,0,262.3052732182429,overheating,medium
46.679785703778165,72.13020836441923,0,0,239.54948479579846,overheating,medium
22.205914866182038,51.085249286249706,0,0,277.1061065940701,normal,low
41.01986128279194,83.66359134176115,0,0,190.97043472370012,normal,low
36.90179115071995,67.50358026726062,0,0,220.61068083346763,normal,low
20.40454045590654,75.43329653973652,1,0,318.0674985455636,intrusion,medium
26.503312792364355,69.33896264223876,1,0,265.7249389317001,intrusion,medium
17.563358848404768,23.1625884898605,0,0,188.7339059980979,normal,low
30.32411194175767,43.083933235187104,1,0,183.0836886197166,intrusion,medium
37.261030416545566,84.09387981020298,0,1,245.383077833438,normal,low
28.59499003273172,88.4553303329969,0,0,116.55873508749953,normal,low
16.21087774263028,61.082961614737826,0,1,192.31900456354057,normal,low
25.643312055374718,75.07654732681434,0,1,278.38370408703656,normal,low
16.415109748389504,61.74040522711706,0,0,198.41951661009173,normal,low
18.526262921262965,69.72980821860725,1,0,194.16488043262805,intrusion,medium
37.671747129175095,61.41519084550843,0,0,134.2703549824303,normal,low
37.56569257091543,47.00271999185235,0,0,182.20414178517444,normal,low
16.062381367537647,78.3666828365916,0,0,161.83421761937973,normal,low
27.867065119504634,55.89056402836147,1,0,166.7955327773338,intrusion,medium
43.282679942797486,71.12556075995606,1,1,159.9102511020249,normal,low
45.04088847284798,51.6920301632258,0,0,245.9530516706803,overheating,medium
36.29600726473932,77.5479826934274,1,0,237.74216616579142,normal,low
40.482802422637576,77.98059202886449,0,0,219.01177420650455,normal,low
17.65139222022778,27.561332944122356,0,0,218.31757741553545,normal,low
22.45202365963057,74.034397579651,0,0,200.11603561321272,normal,low
33.29432299148744,53.48380319045231,1,1,227.62483991872568,intrusion,medium
22.730867848015222,29.877871032872786,0,0,245.6406907820315,normal,low
27.954944894428625,75.26253936812364,0,0,213.92533171050061,normal,low
41.61203000073242,61.17160202337867,0,0,148.98324948230845,normal,low
41.517092381572844,64.43349769203992,0,0,238.92315498061652,normal,low
14.876564100139316,38.910903001655655,0,0,168.03307413211868,normal,low
27.852285633336404,56.287175072069665,0,0,254.0844011363411,normal,low
34.41523395468406,46.58750949939831,0,0,140.36590072448354,normal,low
18.31574343813478,70.72005480850854,0,0,171.40926355874245,normal,low
35.296526537458426,52.934528234656874,1,0,256.90604890800347,normal,low
41.88916941475365,24.388058375645493,0,0,241.98382452367633,normal,low
29.030008328087266,73.45070816045938,0,0,131.17372530453778,normal,low
11.68428854382428,40.20193964936992,1,0,252.85900231873933,intrusion,medium
43.84117893036191,33.125125787706274,1,0,250.62020551819097,normal,low
18.30863392113233,22.267900144247438,0,0,191.14865460476784,normal,low
36.95407509134796,84.00984101899319,1,0,164.94940137410103,normal,low
18.369133241058506,20.674171330863878,1,0,250.65426698538312,intrusion,medium
23.10501606618021,24.571291451515336,0,0,313.0057971245632,normal,low
39.705115244499396,86.77592872209229,0,0,178.17076816693037,normal,low
40.03960202647461,56.91386890488337,0,0,300.2847122323391,normal,low
19.70651243958864,55.67499464656266,0,1,243.92962928666472,normal,low
13.450167581882937,39.8914043771855,1,0,140.1271332513925,intrusion,medium
39.81892871012991,50.28203191554836,0,0,230.25831938386466,normal,low
28.822943526488757,78.70543406291378,1,0,218.7190257571704,intrusion,medium
41.86151857287757,42.88260093289857,0,0,298.66388126541847,normal,low
34.161656392612684,21.5147012769878,0,0,220.10642196881844,normal,low
42.288521102200356,62.127051698981695,1,0,184.29056015029846,normal,low
45.259666518864066,68.71075773638199,0,1,151.61340999997287,overheating,medium
30.585903049397196,30.65014355023666,0,1,169.41896516107207,normal,low
41.04795119476491,66.50110233228106,0,0,146.52739372150313,normal,low
36.142958678602035,88.62613087535283,0,0,272.271120761342,normal,low
30.299167325148026,57.65706260833329,1,0,138.4569833535204,intrusion,medium
22.789949769862034,28.94761922232108,1,0,186.87121139566935,intrusion,medium
18.58937865151988,33.46266754359814,0,0,210.86359465698234,normal,low
52.88360955163118,57.179714905107836,0,1,180.93968232373692,overheating,medium
17.437673842366905,67.48683558888763,0,0,252.40448755370033,normal,low
10.0,52.64419737129308,0,0,149.03605777066417,normal,low
13.879522325073971,53.875237840842246,0,0,241.00703153867516,normal,low
20.078690217037195,69.00900122628127,0,0,187.82394497995415,normal,low
27.57676196074125,35.07079493665312,1,0,219.86375966421792,intrusion,medium
23.29676446773465,35.307171473486264,0,0,191.23853236699134,normal,low
46.386795593602685,68.29430436184046,0,0,230.24502986585247,overheating,medium
26.050284426282317,87.60341836372285,0,0,276.3687421079742,normal,low
52.47056620102846,45.800741493952486,0,0,264.56255097966977,overheating,medium
16.345628151657376,82.38560075257126,0,0,224.2356649708583,normal,low
40.48792209821423,63.18042192986448,0,0,285.3146542136212,normal,low
22.092107267432343,47.81757801145339,0,0,136.6047303043196,normal,low
13.252227059481129,60.247514091985124,0,0,154.77148811338557,normal,low
20.280488802898233,33.294725718590755,0,1,157.34650778446985,normal,low
21.37095059777237,62.030568853640816,0,0,249.51443035574735,normal,low
18.331341360733937,62.032572476599896,1,1,162.92442548716312,intrusion,medium
35.437419930916136,46.53542044467541,1,0,145.80206430926427,normal,low
20.473699937135436,45.71185933733052,0,0,195.27790193729172,normal,low
23.849503950392048,22.593293543898017,0,0,242.20164732957517,normal,low
25.63124163645853,61.659531149748915,1,0,217.77869814600984,intrusion,medium
42.628510787324984,26.611490098561458,0,0,244.77628592801645,normal,low
31.796494565403737,50.76093987841293,0,1,214.98874208876447,normal,low
28.469448415679004,76.4275629114772,0,0,130.37882542160003,normal,low
44.5792452545936,52.90412332630704,0,0,121.74116243229763,normal,low
31.678855986445495,82.3217749097343,0,0,270.6932159181174,normal,low
26.35440551069938,38.30469990143487,0,0,214.08434597811066,normal,low
31.462770623981584,87.68991601758384,0,0,198.41940262843298,normal,low
15.77374651999666,81.50037407315534,0,1,273.5989170641317,normal,low
35.12014302178369,38.524979612583515,0,0,180.22062259131224,normal,low
27.547715772280558,58.41546393364128,0,0,226.9239072859285,normal,low
33.95231344068181,22.35018790574825,0,1,141.0971264358598,normal,low
16.57690135180296,80.38524931216503,1,0,237.73590568118152,intrusion,medium
27.664361393512547,41.707835196986,0,0,158.99023123123885,normal,low
48.51969785204206,72.64945078892323,0,0,218.23788846262585,overheating,medium
22.940331555212097,45.09886410905596,1,0,276.49257520887227,intrusion,medium
17.988246769936392,23.07959733805742,0,0,229.45073910745984,normal,low
28.906952806720177,22.679768078235284,0,0,239.05335778153525,normal,low
37.519346322062816,24.57360794739715,0,0,290.4620869983526,normal,low
27.887943536814575,22.723371180188764,1,0,170.94358060500548,intrusion,medium
43.42994652073109,66.40637382314762,1,0,207.23727903465797,normal,low
18.594830482182466,49.841289817750116,0,1,228.66856247930022,normal,low
21.38227461667621,36.757087101360725,0,0,152.21440517527157,normal,low
29.790936609248547,46.481006440958204,0,0,192.6441998618128,normal,low
51.10901048483089,74.7844587322669,0,0,270.19354764903767,overheating,medium
10.0,22.51537405339398,0,0,200.55519823676602,normal,low
38.48549441907821,84.74383772215248,0,0,196.68750259581353,normal,low
25.012590002888412,21.066533863082153,0,0,134.13386705081422,normal,low
16.515808219055355,74.78467817240072,0,0,157.69661164730854,normal,low
14.848389921805452,48.80598672324816,1,0,180.88587472064543,intrusion,medium
23.914302867486892,35.44410480185004,0,0,208.12734979794936,normal,low
45.07250771621916,21.25368253955519,0,1,243.72873542584796,overheating,medium
20.21518320066892,70.50999439643854,0,0,168.4001510925332,normal,low
41.905398952878684,25.892317840002637,1,0,141.83783192382555,normal,low
40.127919595539026,82.74958509293626,0,0,155.83000308865576,normal,low
27.218811728589607,43.808877952366146,0,0,231.11626103292997,normal,low
38.56998060312466,43.18774447685395,0,0,247.44530229197835,normal,low
32.97787149465021,21.46301302672952,1,0,189.36106072437957,intrusion,medium
30.710371281687273,60.48195067291281,0,1,158.0046271625294,normal,low
20.699588201207625,69.73009363291601,0,0,184.84139396135902,normal,low
12.809057537204506,36.1495620980987,0,0,251.5011465225348,normal,low
29.59488728134197,40.666487449967065,0,0,231.9912922596093,normal,low
39.34952235388372,85.94743438784107,1,0,158.2423542918488,normal,low
37.68275042138865,22.3682579395534,0,0,181.04782827553652,normal,low
24.75254653379568,35.950001062766454,1,0,207.02927798243758,intrusion,medium
32.33379253394088,38.97162049262549,0,0,192.28196504059443,normal,low
43.085682089809374,88.98464465424496,0,0,186.19321379701134,normal,low
36.23157932087086,32.992510024256156,0,0,181.9988119068198,normal,low
33.77189686392087,52.177813893215294,0,0,162.80168954069714,normal,low
14.185206746364722,85.53334940885142,0,0,199.74686806568258,normal,low
25.822775946679375,23.405477684107787,0,0,194.90999285085988,normal,low
18.630713702874232,34.85085121661854,1,0,203.74814388560608,intrusion,medium
26.718620229816647,70.71243138545111,0,0,182.72654274547256,normal,low
30.76798859680459,26.78083263537259,0,0,150.58618393136393,normal,low
40.47433689328858,81.34423156621003,0,1,110.90919843745172,normal,low
45.08767876786633,28.79527506317383,0,0,192.36604805058138,overheating,medium
40.586755533745205,23.968517346734664,1,0,194.6799470957599,normal,low
33.10382980559195,73.25237509387726,0,0,205.2157675472557,normal,low
36.2473679178114,49.22190444230188,0,0,165.6367236437718,normal,low
23.164842154910716,59.12949807033371,1,0,186.1454123549593,intrusion,medium
44.2477138506722,51.30622592562413,0,0,167.9443233370094,normal,low
30.73374860254185,83.54673637859193,1,0,237.83331465353882,intrusion,medium
26.935066053851923,53.01666862836556,0,0,160.49251507341685,normal,low
30.650492231141918,34.06742132444134,1,0,230.67117992169227,intrusion,medium
40.11971138635523,31.188116286650512,0,0,257.61442381552354,normal,low
15.625417471836208,68.91965300895413,1,0,303.1075462086807,intrusion,medium
20.872852734793863,44.0062137361969,0,0,264.8571539078581,normal,low
46.14732196299462,47.03323767652467,0,0,136.18111803112205,overheating,medium
12.438941222886587,38.73675266060147,1,0,203.89758976105617,intrusion,medium
15.501477137048663,53.107754296006995,0,0,171.31200986399978,normal,low
39.82670643662826,57.827562414087446,0,0,157.47520873613493,normal,low
17.34855821653234,36.3248578872604,1,0,172.37345298041677,intrusion,medium
45.66985472089094,39.53580770183632,1,0,240.9071096648114,overheating,medium
39.042904885093876,79.22742419305214,0,0,215.5243734610033,normal,low
28.155769670189066,29.346161613501494,1,0,199.21253871931728,intrusion,medium
33.54014205987157,87.84840400718566,1,1,229.64771460915173,intrusion,medium
44.28424238183604,36.441075100370426,0,0,203.99725753368236,normal,low
32.9937846223573,43.34261616317907,1,0,223.17119096412435,intrusion,medium
27.713597959908803,48.59079904856264,0,0,149.00762648982783,normal,low
33.34427939378042,29.48644800783851,1,0,193.63309623525504,intrusion,medium
29.803598341355503,40.51624817832201,1,0,254.618165867784,intrusion,medium
51.94339106590465,78.46797182647745,1,0,222.80721790702947,overheating,medium
36.90770540114838,80.47870918527907,1,0,273.9621777745238,normal,low
24.242605908264512,43.643636383039265,0,1,260.91114496444413,normal,low
26.63058580371533,33.71842224846541,0,0,114.38535184924973,normal,low
46.17564858993526,70.96156382003514,1,0,134.16031798165102,overheating,medium
10.840108377056115,21.427560002663395,1,0,177.77804195414518,intrusion,medium
16.18532979309834,88.53261099065604,1,0,258.5941107033748,intrusion,medium
35.909899509214995,74.57053189563851,0,0,191.41224439284102,normal,low
48.75425649652355,42.88287106265991,1,0,160.4813007488518,overheating,medium
24.494990902098287,61.02525681758458,0,0,163.1972840994274,normal,low
38.49686748848415,62.785372852945926,0,0,197.86778990669248,normal,low
32.255619709771324,70.13645093385755,1,0,173.67222202855635,intrusion,medium
27.962717838913907,46.940642233999476,0,0,148.3785793888183,normal,low
45.30197067005607,61.14238502850996,0,0,393.5594887551721,overheating,medium
31.027093525177033,29.781571475492147,0,0,230.87234293490022,normal,low
46.05725339367633,74.17594239405534,0,0,182.44178702702771,overheating,medium
33.36123336092303,62.06862208951958,0,0,192.55784578446648,normal,low
49.38103730171043,68.2993867007589,0,0,211.60477604774795,overheating,medium
29.65381861978822,44.35910442822056,0,0,212.10218242293928,normal,low
34.22505824622077,27.93953065536649,1,0,158.66298045182785,intrusion,medium
37.51458966909637,57.91500850614865,1,0,149.2875582418495,normal,low
27.501846855780393,82.04638828729742,0,1,221.2297338055506,normal,low
31.890210088009997,65.80102296276263,0,0,153.42529203507476,normal,low
29.74666592771878,33.34081753938211,0,0,171.9098738331931,normal,low
35.10935535644059,61.9909674569897,0,1,135.83341356276634,normal,low
26.7542250255844,78.73898235807279,0,0,262.17872313229367,normal,low
36.996073967817665,20.869459378510598,0,0,201.69280304636254,normal,low
20.849783243801976,78.08982229317095,0,0,185.2751528113371,normal,low
27.26848053186447,75.84963008709445,0,0,220.93154108891622,normal,low
43.530482967811125,29.27788978306156,0,0,120.86269260226535,normal,low
37.393140530193605,67.66666133239383,1,0,125.66159886695011,normal,low
26.264158057329865,35.89934671734408,1,1,241.60413617242364,intrusion,medium
10.0,34.776633471304976,0,0,144.44487638978364,normal,low
37.27308284959528,77.22700320853404,0,0,236.6619632961227,normal,low
42.141640638515995,50.708613885103624,0,0,175.09186379953002,normal,low
43.972758038569474,34.92036352375895,0,0,171.69580605665212,normal,low
36.59066380038877,43.67850757368528,0,0,151.6681649896082,normal,low
21.082818677791536,30.632589590581944,0,0,302.8643355245155,normal,low
28.249476731889278,74.41035348456678,0,0,196.78153628818612,normal,low
27.58625155425612,42.49398829687431,1,0,210.32317136776368,intrusion,medium
39.74550657532405,83.5686728949112,0,0,211.04708977977498,normal,low
31.2585738639212,35.41007608032486,0,1,211.5280482787612,normal,low
20.879011932648325,66.1182134721461,0,0,251.69003020037692,normal,low
20.232436870903943,54.082693746338734,0,0,177.54169024959924,normal,low
12.831388845825785,26.03047426842674,0,0,180.13292491594015,normal,low
30.294997022102596,44.23790569404067,0,0,194.2114707058666,normal,low
33.30033017767656,51.38246659032357,0,1,95.52618452402368,normal,low
47.22624817044202,57.34754309121161,1,1,315.0420369615432,overheating,medium
14.556831320000814,25.845716951749687,0,1,235.67839755713175,normal,low
30.56195833137369,44.84543580294605,0,0,151.36630536432864,normal,low
33.66788498785764,21.808785812673975,0,0,251.74068167893947,normal,low
28.464143147780746,29.08333225936572,0,1,228.17963892612238,normal,low
11.227791573259793,67.77814164059134,1,0,182.3750732054504,intrusion,medium
26.55605262701185,82.97516078664012,1,0,188.9393103418439,intrusion,medium
26.36367122638663,66.92415429673572,0,0,309.40054645464755,normal,low
10.0,45.911058972463756,0,0,208.23643578937498,normal,low
17.209706974988336,58.412493448940396,0,0,178.97056390130206,normal,low
19.555022918186253,57.77793773482998,1,1,184.00097454608556,intrusion,medium
39.84326321291202,80.15734841674117,1,0,124.99261799822251,normal,low
39.182344932292885,82.00745747574592,1,0,270.7037960385848,normal,low
28.604811064381312,64.4892618909337,1,1,181.78887450037664,intrusion,medium
27.244156999383527,67.30100052622456,0,0,210.69435696191394,normal,low
45.79355992849769,57.387353505215174,0,0,269.188246734612,overheating,medium
16.23932637950952,78.76268076516206,0,0,226.26367836950544,normal,low
41.02795161114227,61.54769152773177,0,0,253.54557255160915,normal,low
20.298939963305447,52.113363732007,0,0,178.2981374114589,normal,low
40.73205262976268,50.678576216707334,0,0,110.69265791085994,normal,low
28.072119006542952,34.93928665806854,0,0,255.7904050360105,normal,low
37.842340759496835,30.32008701448502,0,1,226.03945152717546,normal,low
35.933785551994106,83.81607523678943,1,0,225.58757667677276,normal,low
35.750147219936494,39.77616269378366,0,0,74.73431684031209,normal,low
29.897016326480315,72.18072130889435,1,0,78.00314171585758,intrusion,medium
37.897528863645924,66.31391034329239,0,0,199.62990735909713,normal,low
21.847751390759992,32.72590964235908,0,0,231.00439439056677,normal,low
23.15863848713714,61.53036492347513,0,0,261.57009381037534,normal,low
20.45665484002764,38.16117566325735,0,0,161.93597049952956,normal,low
24.31047977830515,54.436017846070825,0,0,232.47008922723427,normal,low
30.57022748112635,62.05779851902048,0,1,272.87960813052064,normal,low
31.87215233432971,75.7116048920801,1,0,202.51454865092575,intrusion,medium
21.824086579598912,64.62660852354227,0,0,234.56165272938085,normal,low
43.8622127461405,28.488887855187595,0,0,179.18086400942968,normal,low
10.0,69.4079205515479,1,1,127.3149540381642,intrusion,medium
38.0488903070866,72.15095810342312,0,0,210.8633482426508,normal,low
23.186595235459915,77.50112896529386,1,1,203.28830469730642,intrusion,medium
10.513008899095691,47.02946971343002,0,0,215.31272910391516,normal,low
26.05833481411169,58.2059862795894,0,0,158.80731541713277,normal,low
20.219059668856197,51.12873878123685,0,0,169.28098634771627,normal,low
20.365269103626552,60.85839406077929,0,1,135.52675729956178,normal,low
21.906281569960335,25.892857510646387,0,0,216.34702137090346,normal,low
32.6625054091579,74.77894171472312,0,0,88.21395335294353,normal,low
30.342989714078573,37.16811735093161,1,0,156.45671295571447,intrusion,medium
24.763255248452445,23.30508320861734,0,0,218.4253747637739,normal,low
22.952575887680897,60.823627137253915,0,0,174.68656499557537,normal,low
26.895411834535423,84.9845346724604,0,0,237.98412536177136,normal,low
40.518240478973794,38.61821523261481,0,0,157.5617049343865,normal,low
51.68503647461206,31.748869374708327,0,0,95.16278525840076,overheating,medium
29.705381365356608,44.259791740828874,0,0,177.25647091057505,normal,low
22.199282572537495,20.964494267251446,0,0,256.27923590359075,normal,low
26.083640658478252,36.71379437221981,1,0,216.370673035897,intrusion,medium
35.58325796860914,29.874283885915386,0,0,227.97297123415996,normal,low
36.66251429514106,22.629319529683002,1,0,159.82072892959914,normal,low
27.54565547562506,53.79375528088964,0,1,188.24268545984978,normal,low
37.74196073230512,48.258274444931,0,1,259.96794952844823,normal,low
46.86765229742083,60.38229233332516,0,0,169.52078058856665,overheating,medium
20.717628064629995,45.469829962142015,0,1,211.2006748989373,normal,low
35.82185852751663,47.626913919991544,1,1,227.1028010441408,normal,low
33.28317762409317,55.08168518560513,0,0,175.00945343517213,normal,low
29.259669253698153,61.653101606982496,0,0,169.20366008329856,normal,low
36.074200643790036,68.90844089083872,1,0,140.28863685821733,normal,low
25.847416930064707,26.779008768283738,0,0,234.26768570168602,normal,low
22.147793486631073,42.37823358720388,0,0,262.49745494563484,normal,low
38.39586674359582,44.72602991413531,0,0,256.39172421473756,normal,low
27.692137917281677,35.07002503734637,0,0,204.6078328341327,normal,low
47.731968221230346,42.687630920153154,1,0,251.91595245552148,overheating,medium
47.938369277596216,81.54142879291803,0,0,159.32231297278898,overheating,medium
31.308982238472936,70.28443369385778,1,0,188.79537314580259,intrusion,medium
20.59669314361458,61.456771924296994,1,0,199.41809359449957,intrusion,medium
28.592650252949305,59.276738808743836,1,0,264.13977028747286,intrusion,medium
18.954671931456247,86.11664280546712,0,0,209.06841715330387,normal,low
37.07872110471943,35.10888502339492,0,0,234.55766477330704,normal,low
44.278460821690935,89.6308996365535,0,0,180.22448435418482,normal,low
38.69511363217882,76.43647341845252,1,0,203.01543681206468,normal,low
34.75066196657537,44.48872096034138,0,1,146.2357148170031,normal,low
34.59224981165105,89.5371618595987,1,0,144.97387557101857,intrusion,medium
35.971563395210566,40.62015390327588,1,1,240.49323661518224,normal,low
13.982945374786066,34.135606628149915,0,0,93.35312664016462,normal,low
35.48776373735678,34.83342225793635,1,0,147.75635773947965,normal,low
32.52171187749564,27.016538546264982,1,0,232.74058128594012,intrusion,medium
32.496628704013716,28.600695411655018,0,0,144.99993414289276,normal,low
32.02096945341278,62.130118032189706,0,0,177.15789127134659,normal,low
20.670285049243713,56.93732760394176,0,0,185.785357756839,normal,low
30.749401590063815,70.37105220237855,1,0,194.43547670280842,intrusion,medium
37.11359242674949,74.83783833932739,0,0,239.04364844590114,normal,low
42.73575767611955,66.3739088391104,0,0,168.78702543683562,normal,low
28.053878254175217,79.38839302165385,1,0,169.85555679813922,intrusion,medium
54.18691472934604,56.9354760889629,0,0,263.210868931199,overheating,medium
43.47661545673706,79.57350769586708,0,0,235.21465003988484,normal,low
13.124567811436503,66.56808226171344,0,0,184.3264383197181,normal,low
10.90680964855283,32.87132814525533,1,0,224.35133769757797,intrusion,medium
23.466995479147794,63.80826682818051,0,1,127.38913504412463,normal,low
26.03463959942276,69.25729989199075,1,1,98.39505142260346,intrusion,medium
33.32317499940351,47.30254183554365,0,0,247.90911587555323,normal,low
20.885055760851976,87.49124972084637,0,0,193.38635545781412,normal,low
38.36639951478844,52.78598889926012,0,0,162.7895000333239,normal,low
40.36397076379994,50.22062042125422,1,0,228.422517875594,normal,low
29.489095315363315,84.6357447851018,0,0,145.1367989752082,normal,low
10.468483662272561,58.21556862948003,0,0,147.36913926165107,normal,low
47.454247519431846,39.23402124038178,1,0,208.11814850278728,overheating,medium
33.56534955727113,87.58309219605371,1,0,274.7427891495984,intrusion,medium
15.28076246402202,65.69813055408665,1,0,253.83953004158252,intrusion,medium
27.54990815349751,24.046707608950296,0,0,190.2007545468912,normal,low
38.517848345508284,45.47216493279812,1,0,176.34098669624524,normal,low
49.700849421527465,69.71510153360771,1,0,305.62531116886134,overheating,medium
46.648071300595106,53.004150214179866,0,0,198.75888359708125,overheating,medium
57.62851747026663,39.06210985457946,0,0,194.78848467873948,overheating,medium
25.656054114949736,88.89928078678433,0,0,137.54087228377085,normal,low
31.669866541285156,41.35700177486227,0,0,190.58892259735157,normal,low
36.77364161231256,22.92085964303717,0,0,133.12943461908839,normal,low
37.011242542064934,87.32381763814513,0,0,303.8850866825771,normal,low
24.02094877915035,67.58997751455394,0,0,203.22506946020584,normal,low
43.49898328292628,32.09284880305859,0,0,191.7925873475417,normal,low
28.596574412493357,52.320503072591826,0,0,242.20032840319146,normal,low
37.31921430403635,81.57084884044491,0,0,204.34111004654596,normal,low
18.353047591270055,47.75964937116953,0,0,308.05093023107605,normal,low
12.603149972845124,87.04960056127094,0,0,210.51270976090228,normal,low
24.593100303649706,77.37213187656033,0,0,255.32277412239858,normal,low
43.499099102472094,35.57014795908597,0,0,248.99464453714336,normal,low
21.492571088403395,74.60404293655284,1,0,148.39915587338663,intrusion,medium
36.98133221458643,68.0532536072939,0,1,240.64028825059097,normal,low
24.731625253603514,38.814633107173215,0,0,211.8463561567001,normal,low
12.86426461519672,80.87031541363004,0,0,184.30567025828103,normal,low
37.64752789939705,42.244768491888664,0,0,228.93744352275615,normal,low
49.50294545236417,70.50595865784888,0,0,261.7439012556274,overheating,medium
36.16773040828268,32.194295102920236,0,0,150.2775014595409,normal,low
32.154739895026864,49.5560335076254,1,0,186.2840456843663,intrusion,medium
34.047076333459515,33.311560002859885,1,0,187.54418027136813,intrusion,medium
21.837825405903796,82.33188120013362,0,0,196.4746920071528,normal,low
44.71844422470205,86.1263445032976,0,0,178.7376690888982,normal,low
31.48290019526372,79.75329384878702,0,0,300.1820555829619,normal,low
39.91841323088425,24.38514064843852,0,0,207.749155096637,normal,low
41.45536457367106,83.22635624277767,0,0,185.84284830068788,normal,low
23.33464664710211,43.27198938390325,0,0,234.46010445779308,normal,low
42.56090418546111,20.575925432566272,1,0,265.51191684788506,normal,low
22.69396479750215,84.85000202043261,1,0,162.8042917759294,intrusion,medium
48.64058380569816,29.576579552230942,0,1,81.00201141241463,overheating,medium
40.82916021516118,36.92994570828294,1,1,159.95988333991252,normal,low
28.8282020136494,49.092789334116915,1,0,167.21912786319484,intrusion,medium
44.12664449911926,45.76107164798191,0,0,229.6295429355452,normal,low
21.982707560057268,37.314661868040325,0,0,190.0972138068506,normal,low
48.51998630621415,47.69170516891096,1,0,211.86094115350144,overheating,medium
24.22369178303865,22.227645490256908,0,0,187.03986682492652,normal,low
37.865788753763454,20.577914106440925,0,0,193.97514455235043,normal,low
27.58119764414523,42.16307875282233,1,0,228.06581761082126,intrusion,medium
34.28809291055755,37.465002862766354,0,0,213.43558555147848,normal,low
33.231018928289416,34.94966526935083,1,0,177.0683735374204,intrusion,medium
22.76947887713812,78.70131421096329,0,0,155.82995447907732,normal,low
33.57567740289691,33.66890809904781,0,0,214.28360891021967,normal,low
40.42465676033261,54.22749911703619,0,0,113.95370895940331,normal,low
32.679016319527705,72.70312991160586,0,0,188.91941287227883,normal,low
38.56518482129947,84.08038439617786,0,0,245.73699881030902,normal,low
21.348821812832014,77.33881681283381,0,0,177.86942264433463,normal,low
19.16643021304584,32.893561946107184,0,0,212.57615017984062,normal,low
22.268607756307375,48.22393891148151,0,0,236.33417915535466,normal,low
44.978428717513154,76.7137166340161,1,0,173.1320591593687,normal,low
30.599119592044794,86.96488303190446,0,0,237.55636427109624,normal,low
30.087157684840392,26.15692462812127,0,0,238.6874253786745,normal,low
33.957351944325836,30.179318300675185,0,0,147.53337823396078,normal,low
37.56801845067648,74.56606621889534,0,0,165.62720713928536,normal,low
34.48514064869668,36.40541204755952,0,0,276.8919494042976,normal,low
20.59795465539334,63.020963978322975,0,0,220.20931590177946,normal,low
21.66930023181689,38.39304086188231,0,0,267.5337544777113,normal,low
34.5561908114696,83.35720812873024,0,0,174.83387596848982,normal,low
45.705687925657124,66.1526752131728,1,0,252.92341577425842,overheating,medium
34.67787548664434,76.99031783455484,0,0,146.98540913970106,normal,low
29.464331592638466,69.05404502629565,0,0,177.02256374698538,normal,low
37.20815896690045,27.910078180040536,0,0,283.83372489887626,normal,low
39.22999246341373,36.75355003992815,0,0,136.00197222182013,normal,low
18.543778820860148,31.56890139511397,1,0,239.74591562370236,intrusion,medium
24.892772130276864,45.79332788410182,1,0,204.44640037637194,intrusion,medium
34.53930070834058,60.93893379897988,0,0,161.6251140807139,normal,low
22.68488882028683,56.45381108156484,1,1,229.48276482411467,intrusion,medium
26.122467178608872,25.536129333435447,1,0,257.11568646660174,intrusion,medium
13.616213862449623,36.52908189828533,1,0,268.9780261039156,intrusion,medium
34.67348434651424,87.16541103934331,0,0,209.06778814221323,normal,low
27.4912631747544,42.27612729397898,0,0,219.40184201520037,normal,low
19.41627540277078,67.06892513102224,0,0,187.98460757354897,normal,low
19.609100431923114,69.06796386437932,1,1,269.26500759095643,intrusion,medium
22.58955102825775,55.626071539256436,0,0,157.88563886148611,normal,low
27.1276607793687,77.88593367864357,0,0,169.53753852943208,normal,low
33.01691073440172,41.58606853497811,0,0,245.07825568695728,normal,low
24.14282941479997,66.88309226885168,0,1,192.4707294141517,normal,low
19.441367016694286,72.42114276898675,0,0,195.53081937825584,normal,low
32.57052538760922,33.29201852812514,1,1,275.0704254219263,intrusion,medium
32.19490452670465,68.1742205404868,0,1,159.50158646150163,normal,low
31.708902227345945,63.51162235001785,1,0,267.50124493741697,intrusion,medium
40.23261844773364,70.35685653078093,0,0,283.80183776734003,normal,low
47.31688360271437,89.02436608017297,0,0,117.98453619534726,overheating,medium
36.68938305610204,85.68134212369925,0,0,201.08930471894183,normal,low
30.156863654253485,62.86983151526284,0,0,247.3223748035732,normal,low
24.842148978029787,83.69030678171691,0,0,179.11171951667035,normal,low
36.419856235575,84.88376920683278,0,0,193.96374672974252,normal,low
19.684405492539444,51.90206860399175,0,0,155.4747752280205,normal,low
20.235340252658474,57.637746581359394,0,0,266.8535321433695,normal,low
45.56210030183757,34.69460371735819,0,0,141.23452184365834,overheating,medium
39.46333065234092,30.617070662439342,0,0,242.99038901718563,normal,low
42.24080727627025,23.765712043939274,1,0,302.28711450766093,normal,low
31.560112743062497,64.73020788735744,1,0,138.86302604136827,intrusion,medium
36.61666125156392,87.00980908134609,0,0,210.14007483518137,normal,low
26.917545301617416,27.03319485655649,0,0,191.6200451943525,normal,low
44.58057290343782,53.902556608683945,0,0,168.8860649446733,normal,low
29.434470692729846,48.777663944640096,1,0,187.15081879971746,intrusion,medium
28.6754235329519,55.02633936862333,0,0,205.40755881919125,normal,low
22.66863608057262,84.8731002957028,0,0,119.3798413538099,normal,low
11.027718318241003,23.441531112540687,0,1,144.69351890081043,normal,low
28.448091959350144,46.217941674851126,0,0,130.16423615243383,normal,low
24.475955730832595,89.60918752647459,0,0,168.29059309595368,normal,low
15.487306253676865,86.9845897233792,1,0,207.28234755236267,intrusion,medium
24.62751836672832,25.388776332783554,1,0,155.913532195658,intrusion,medium
19.32790358830774,73.43455189799866,0,0,214.4950548088988,normal,low
17.371423330797153,85.59553358124558,0,0,270.72575435775246,normal,low
25.118370998723584,27.154344532095504,0,0,283.91294248798835,normal,low
16.161409909222314,84.45935363254377,0,1,226.63236124316046,normal,low
20.832596572993367,30.162793340917776,1,0,186.08336009424437,intrusion,medium
23.555448100860815,81.36269934900369,0,0,212.91230729731154,normal,low
22.439520837086434,56.72861808856027,0,0,218.66796382642937,normal,low
29.697792031635075,66.72259612616784,1,1,231.99049472111494,intrusion,medium
23.242169502013788,72.43964426362493,0,1,122.79303351082675,normal,low
26.614889530240866,31.25663475859963,0,0,165.22564323205276,normal,low
42.34819608427137,88.0089983681715,0,1,159.479966381873,normal,low
28.336475952150316,44.17080553510833,0,0,168.94365078909888,normal,low
44.1701206832576,78.58024336792477,0,0,277.4608765921678,normal,low
38.27701867289515,36.54986416382549,0,0,264.36913438633076,normal,low
29.830140722034514,79.31681077728011,0,0,203.08238944985968,normal,low
14.851249303960563,85.41663839882267,0,0,199.33848216813206,normal,low
44.08391634193082,21.685256667919756,0,0,167.0499388666883,normal,low
24.092954851033227,73.13154206180704,0,1,202.1787569392909,normal,low
26.679524309729263,23.146368056377007,0,0,268.29107225441214,normal,low
43.79505538084704,29.547926748059318,1,0,187.31601960163138,normal,low
23.768440051914006,73.6644534835259,1,0,221.92078177341367,intrusion,medium
26.791007660369864,81.03765485418617,0,0,202.68811115320636,normal,low
46.08664302623922,57.241060035433755,0,0,229.89099581151743,overheating,medium
19.976860284480374,89.82688535405569,1,0,223.05328671769894,intrusion,medium
23.652517444564406,68.2998529499535,0,0,152.55271489951187,normal,low
32.54009844797823,65.60337230256914,0,0,102.42796273210433,normal,low
24.065085227056905,31.84251334856235,0,0,191.3667111274427,normal,low
33.222018300010305,61.67352525141493,0,1,125.46175126405676,normal,low
29.54557117901636,29.51435910516081,0,0,277.83282464106725,normal,low
39.422792775990445,41.974833180108405,0,0,123.42379580128497,normal,low
49.233432547466165,40.61332463774913,0,0,175.20086035469447,overheating,medium
39.10986314274816,32.234418674306255,1,0,278.6051550018502,normal,low
37.15116577764624,26.29264636424496,0,1,229.94804564796917,normal,low
39.26061601524011,21.676044725105076,0,0,246.0865506859835,normal,low
41.43092850143766,81.4910471391952,1,0,216.24209947323882,normal,low
26.301021391743834,71.16202068862869,0,0,265.41325735660007,normal,low
36.924698427742186,39.4881033187841,1,0,94.43321845860335,normal,low
42.340670828870884,38.24248662023893,1,0,243.74880815650891,normal,low
35.691783866555255,37.623196980078035,1,0,212.3342782352006,normal,low
26.476349598106633,82.89071571018863,0,0,120.7040183127353,normal,low
37.74738362912705,54.088818439775096,1,0,269.11274506692826,normal,low
17.474226703857,25.273511340555043,1,0,144.36669656342895,intrusion,medium
37.20523774125077,26.41287550039162,0,0,114.6439218778922,normal,low
40.285055204038656,77.28738904605675,0,0,195.59237202575744,normal,low
24.513402278240722,70.80495178730193,0,0,218.30040844348832,normal,low
24.7422087477595,88.98178221851211,0,0,242.72288969355654,normal,low
32.69788133423377,29.983266881197114,0,0,142.1486624704118,normal,low
36.59452796111194,66.33026492951618,1,0,233.5800404128886,normal,low
17.624765171376136,53.6445419114015,0,0,244.66835297059478,normal,low
42.166961755085744,72.34155765541918,1,1,196.13491441222294,normal,low
26.713184808704927,69.34161042037485,1,0,220.55609784025123,intrusion,medium
33.6806461918531,83.88260370375829,0,1,147.04142411814476,normal,low
41.51729784862989,42.376607062986906,0,0,196.40656009964547,normal,low
32.031089993816614,76.86703099702027,0,0,279.6394553012384,normal,low
11.67557612032627,77.03513886135485,1,0,225.3148611568109,intrusion,medium
28.683900212115944,84.73632681029962,0,0,186.492034563052,normal,low
18.695545387379646,34.46952753534647,0,0,190.04581685941523,normal,low
26.665923438999556,70.99391512946033,0,0,129.0088961712865,normal,low
13.498682299144399,29.856832686617064,1,0,151.8648758340855,intrusion,medium
13.976100648036514,85.6595334878721,1,1,260.2038395649383,normal,low
26.36339196966812,60.308765172132844,0,0,211.9901047455029,normal,low
28.55612771025832,63.42619461775715,0,0,122.3497390594254,normal,low
30.42493874684281,35.280328325059536,0,0,249.69921165563747,normal,low
39.24069792845875,81.47352697918394,0,1,207.90296517091997,normal,low
32.99040118147219,60.53992198138819,1,0,178.64402571428582,intrusion,medium
35.96982612317249,21.23454793394266,0,0,214.29718755390587,normal,low
42.70717593544379,21.113929169158734,0,0,223.39194528971694,normal,low
29.324625129001543,41.75357652910508,0,0,161.945859361028,normal,low
30.378937588557626,71.41384513461652,1,0,195.789467901914,intrusion,medium
25.982716915403177,30.110359454806556,0,0,197.7886728878958,normal,low
34.531621894499764,49.18746742076789,0,0,108.35660702747492,normal,low
40.475300243197026,45.51428873342079,0,0,205.75064357304913,normal,low
42.45365935413076,55.55457266951163,1,0,317.31365962201164,normal,low
16.949317501585373,83.82997348911726,1,0,129.84061541335828,intrusion,medium
29.589437143919092,67.72535160016739,1,0,188.89493967971652,intrusion,medium
33.06734622711859,79.75554476275357,0,0,222.11767877305806,normal,low
19.434214156614694,86.50768150437875,0,0,178.10762850663752,normal,low
29.187100833667653,49.65453323930603,1,0,124.35829164530526,intrusion,medium
48.978753043349684,61.516446804597145,1,0,251.7049810609066,overheating,medium
30.15598028643489,44.852131212874745,0,0,214.67522985630197,normal,low
27.566791700144353,28.62564248920382,0,0,191.52317895887057,normal,low
32.486534777954915,81.40529042767429,0,0,280.6844509318058,normal,low
10.0,64.74724343957813,1,0,204.1826513132184,intrusion,medium
14.313036449223064,35.58051175444898,1,0,148.00325065466248,intrusion,medium
35.07909606417922,35.08310501828849,0,0,162.5984082957424,normal,low
43.56144161926271,39.27030828999081,1,0,154.0923253880871,normal,low
36.59357302584025,76.38778712975648,1,0,151.15270492054765,normal,low
13.218747710033306,62.97912165753823,0,0,187.1103650512958,normal,low
21.867613925568328,24.93381668339323,0,0,56.877389256890865,normal,low
37.16665910260954,49.0380949898179,1,0,293.24097288302045,normal,low
23.312296330161068,20.745159766513435,1,0,194.03740971862803,intrusion,medium
11.88022521703974,27.616453748787528,0,0,185.369171013701,normal,low
30.207700278430764,55.99170122392574,0,0,277.616673913734,normal,low
41.091452375422364,36.288618711123235,0,0,215.15544999152925,normal,low
29.049805484242214,23.201399039280844,0,1,147.1585736943391,normal,low
17.248675940071806,85.67035310795761,0,1,256.1298376268283,normal,low
27.909017725064096,48.454335447018636,0,0,121.2289106933419,normal,low
36.63897539032896,29.14356144441983,1,1,163.89498443914619,normal,low
31.877994311986516,74.92506345124181,0,0,210.6234433183222,normal,low
39.681305784399264,56.39596695019812,0,0,202.37042770747703,normal,low
27.332733747103664,43.754008482292896,0,1,205.58897388645136,normal,low
44.20287970170255,70.74172242322834,0,0,191.90912788935168,normal,low
28.236985165982844,72.57634178403927,0,0,253.641765362679,normal,low
29.36971863671935,85.17134731416128,0,0,224.05366976984257,normal,low
36.89828653574828,41.81821733074103,0,0,225.2061841184767,normal,low
10.0,40.79932477292577,0,0,173.66985757380783,normal,low
39.85650314826974,46.1913357883209,0,0,146.68164774457344,normal,low
27.44553960487068,22.90595112524114,0,0,181.1957739476682,normal,low
25.188522825342396,37.7949027362738,0,0,196.34981268714097,normal,low
35.03595770909049,85.41008479709441,0,0,263.12512764567566,normal,low
32.04825998832078,30.53310829698493,1,0,170.64818937491646,intrusion,medium
22.4747734607622,54.912218224213866,0,1,237.78244288219236,normal,low
36.96706573007032,63.436332953505016,0,0,184.22976744667244,normal,low
44.074682305206,31.184839950920363,0,0,132.58505022131675,normal,low
31.120124000711964,23.97640932038245,0,0,219.10661493519441,normal,low
30.44390283794762,78.0270716305694,0,0,57.0968039014173,normal,low
36.337667597684,41.506611819852814,0,0,181.64651505885385,normal,low
33.72715073451029,89.37199647081174,0,0,200.62160499844634,normal,low
27.47355573913993,50.42111406699699,0,0,193.44944799804733,normal,low
34.22062441013705,48.09982295664605,1,0,232.0945884504295,intrusion,medium
33.3372233465106,73.22479453490024,0,0,252.25494591160037,normal,low
33.22791313948072,27.79652400640137,1,0,66.64166024051767,intrusion,medium
17.912191267516988,82.93070439830825,1,0,232.2376513889091,intrusion,medium
14.211804044301841,70.20447664655643,1,0,206.13677830981592,intrusion,medium
23.485286295952363,64.42820562960094,0,0,86.19638999151368,normal,low
30.124128143847926,50.917918884991764,0,0,127.9160191011117,normal,low
16.429795018657373,53.64532456956237,0,0,219.42016910255754,normal,low
26.508632204070864,39.23286397491867,0,0,103.32730371931764,normal,low
16.411269848103583,29.167226176107995,0,0,146.55181658469738,normal,low
34.12481459828302,85.05426602756783,0,0,239.402316757417,normal,low
37.12980108039779,44.06642190574792,0,0,235.51361301620932,normal,low
24.945249856640572,41.73166933558414,0,0,228.49354061580456,normal,low
25.787540833004094,53.029387241723136,0,0,260.6021985197251,normal,low
10.0,26.611289415883824,0,0,192.89433227573062,normal,low
43.515105379007295,29.773078447423032,0,0,153.00264209707376,normal,low
21.359534386388,27.28179043363919,0,0,210.59302569101453,normal,low
33.612062088412955,33.00055997833732,0,0,157.3979153308743,normal,low
36.30418139511341,49.61883003399999,0,0,120.61139925482955,normal,low
31.22676046252928,70.62797158976346,0,0,278.3048800073409,normal,low
33.85181437537093,24.01902657974176,0,0,173.78129383112307,normal,low
10.0,46.40030462297775,0,0,128.56855130328023,normal,low
38.068284864245165,63.17291337186661,0,0,192.7949755361653,normal,low
30.727102589213054,31.843949425998535,0,0,189.2343655351489,normal,low
37.03008704932915,37.198511013877436,0,0,232.29681588430824,normal,low
10.143608121419497,46.551054709282,0,0,199.47917293728287,normal,low
32.09587004584595,45.320480967818625,0,0,192.07315132181577,normal,low
33.00215955639071,84.40629171370401,1,0,163.28086076439718,intrusion,medium
23.136786828085427,34.982586988388775,1,0,165.55845741662185,intrusion,medium
10.0,24.309577437850784,0,0,233.0029602656286,normal,low
42.16741023895973,32.852984700299025,0,0,186.20101291579675,normal,low
30.795419729460715,26.58409012110499,0,0,124.08756011199803,normal,low
29.965146896111154,73.47692713940145,0,0,245.0894857197582,normal,low
35.75363034562228,56.19637149004056,0,0,320.903926886211,normal,low
47.766615149148684,57.35730253493391,1,0,258.35193676130996,overheating,medium
41.05655209020445,74.04676983836072,0,0,213.50890759117468,normal,low
14.581090544409317,68.32041452843333,0,0,256.6647565615206,normal,low
20.275616445930904,27.865071791277884,0,0,267.10164015536907,normal,low
32.58175241343514,48.815325774651924,0,0,211.85833279039107,normal,low
35.2686679760667,41.00839891742213,0,0,175.68867528098195,normal,low
16.367273831084596,79.6392816042293,0,0,107.20643107937352,normal,low
33.181959286084584,39.86204103306351,1,0,280.8409001592403,intrusion,medium
52.00907184230752,44.47003276151834,1,1,193.72224252730672,overheating,medium
32.64497175270196,54.54800532261019,0,0,289.2523278151184,normal,low
35.04046065106361,42.787673313466435,1,1,216.42360390703953,normal,low
39.990359359367474,85.56316379663683,1,0,210.54748472709434,normal,low
45.75433299153517,47.8900851373409,0,0,204.4436712793404,overheating,medium
34.29221458928142,68.67822936942574,0,0,134.37876996333614,normal,low
28.41856069229323,54.688408098480316,1,0,200.48047686163264,intrusion,medium
32.49945058225277,26.012304774281695,0,0,224.03069334347362,normal,low
30.396363199995008,59.97821487763206,0,0,199.4406286826044,normal,low
39.81135106932164,23.106872146106237,0,0,50.0,normal,low
25.650946643669805,64.9213412781269,0,0,232.9575091021162,normal,low
11.529242935163204,23.233213243758215,1,0,153.63731556251682,intrusion,medium
56.27102813843756,64.96051726910656,0,0,176.2975229919016,overheating,medium
27.729168818107475,30.04747836202212,0,1,147.4834892366208,normal,low
19.513998796948403,80.48932773969008,0,0,177.0393052192283,normal,low
33.90040403321434,83.84363028084456,0,0,261.77267188007477,normal,low
21.47232817088586,75.1676700685434,0,0,230.8011589158836,normal,low
43.02312666340897,26.521413770017595,0,0,212.6554586662735,normal,low
33.69943045459541,64.31750425172443,0,0,191.52160158121634,normal,low
13.693125604309106,61.005370093435545,0,0,149.95488816047128,normal,low
39.87804850417998,73.23350997060362,0,0,129.96330529716337,normal,low
32.26822979222629,34.99335609123797,0,0,186.52498747455738,normal,low
38.89513630010796,58.18109878968907,1,0,138.11110819427492,normal,low
35.04292618901316,65.16496208164767,0,0,242.61996843130146,normal,low
23.94902446922923,77.64411340598915,1,0,302.1358163211413,intrusion,medium
10.0,66.2397707791797,1,0,268.03055420629266,intrusion,medium
18.58838044351718,41.78633238777852,0,0,261.42264207628955,normal,low
25.876573265912214,30.564373742983026,1,0,160.42552421038567,intrusion,medium
33.99523305158188,59.45250689924433,1,1,172.9884885606316,intrusion,medium
49.75437717671325,51.95633077727957,0,0,217.11921796127953,overheating,medium
34.270451205385655,51.38069393511398,0,0,216.57271329335995,normal,low
26.82616969698832,50.0920416176363,0,1,236.62724124785757,normal,low
23.905349265430452,33.623544490971994,1,0,190.7748866615502,intrusion,medium
39.01384287678191,48.47031340872354,1,0,169.91451943995708,normal,low
30.097981190971478,42.93212860919941,0,0,152.78457239580956,normal,low
16.03625621110688,67.01090543543411,1,1,203.46451972229428,intrusion,medium
38.27905126255723,89.89820130975983,1,1,168.22669518225695,normal,low
10.0,44.38064710283191,0,0,153.91695314017008,normal,low
33.4822870505721,33.52069075163955,0,1,244.22959819800775,normal,low
28.282984935122165,36.56382826754114,0,0,238.99178243697037,normal,low
11.895604472328781,54.68717156810996,0,0,220.13678297466453,normal,low
21.612892089287985,26.26111690924096,0,0,172.64939606204302,normal,low
21.1538752424219,29.54994607088676,1,0,173.71249696752506,intrusion,medium
42.468434045527786,37.34330542164294,0,0,279.08124962470583,normal,low
26.807904636841663,41.01532793959456,0,1,198.74330697466405,normal,low
25.434233148320622,44.42451145122172,0,0,238.48924016188064,normal,low
28.218816543500136,87.94141453410752,0,0,221.85507642983816,normal,low
33.644588312911246,87.56226045700673,0,0,243.1571953999438,normal,low
20.79232551131135,32.717363343790055,0,0,248.34107921601498,normal,low
20.13593759324318,83.05945494981964,0,0,200.00876902933015,normal,low
10.0,48.97589347689981,0,0,261.7869407001005,normal,low
42.09388438115472,23.745720767336177,1,0,170.28471880321828,normal,low
23.077617442503342,85.52776839492482,1,1,264.2868570420329,intrusion,medium
41.31369097836002,50.68881340909856,0,0,152.83329324871806,normal,low
27.86039766149817,49.63064296958099,1,0,201.4626741578484,intrusion,medium
41.46451971088452,60.27354094033565,0,0,95.80147946303212,normal,low
19.981940411275488,87.55660429577507,0,0,196.23897716421152,normal,low
30.527469317969178,72.43752908108233,1,0,213.18408261586532,intrusion,medium
36.59454965379027,20.89929679382565,0,0,244.32938744459875,normal,low
10.0,68.28356563729719,0,1,284.3166907898939,normal,low
31.627727838423183,70.44790711037277,1,0,227.10618732060084,intrusion,medium
29.71984279975126,20.33985643787455,0,0,203.60185915087663,normal,low
21.716410876203348,77.84135783316565,0,1,198.81046093281395,normal,low
21.99165276966313,86.43626058046561,0,0,169.63703565226763,normal,low
44.28766392580569,39.076332305416585,0,0,153.04662546433565,normal,low
32.85846118034906,61.288475359318284,0,0,90.66784950628191,normal,low
27.31391600326548,72.56243928369983,0,0,228.78735534952045,normal,low
34.78902161268887,27.3312337023457,0,0,168.51632681172777,normal,low
34.153574911179255,77.64493560926394,0,0,144.88785320362098,normal,low
19.798128956374075,23.87346242700138,1,0,184.70650394388355,intrusion,medium
19.368302459132693,65.06122852016281,0,0,132.22008131767802,normal,low
39.594356327481336,34.84249976349667,0,1,263.1686469165044,normal,low
45.60671180962711,59.78950920704498,0,0,191.68816177116062,overheating,medium
39.19292419031832,71.41655930811923,0,0,135.2752578859504,normal,low
32.371869992410815,71.51086595326123,0,0,188.26293822217804,normal,low
18.65614335371773,66.75717425920604,0,0,237.59630815857844,normal,low
22.528776750738565,82.22277825363315,1,1,288.7161377295513,intrusion,medium
35.41386325589196,65.87317666856005,0,0,205.67174238837018,normal,low
16.563943896905304,54.04104355089725,0,0,127.98549144400397,normal,low
30.538773432260083,78.86378982777558,0,0,138.57523283983363,normal,low
28.11805431636914,53.917580914252056,0,0,160.91919001535584,normal,low
36.65177584377372,51.95733378862005,0,0,190.3106486686416,normal,low
24.695887140756998,66.00959290308282,0,0,189.8174424566157,normal,low
25.863606327259333,49.553103084926676,0,1,217.90237406919758,normal,low
32.472915050251345,45.624155009102125,0,0,205.9319307861956,normal,low
26.826241592963253,27.813308468256214,0,0,197.17665255449927,normal,low
32.767502616363075,20.68001311386218,0,0,199.45503036231196,normal,low
20.716142851019203,44.95486337246912,1,0,212.58613681665068,intrusion,medium
13.652204595242797,21.334259656359748,1,0,107.84739060027651,intrusion,medium
37.72055185870629,83.32039183259619,0,0,249.61581932663884,normal,low
39.56261158924927,58.421422122016125,0,0,203.11928113610384,normal,low
42.609238043155294,64.18578008198654,0,1,237.99010083570124,normal,low
29.6073361874734,35.734955786205035,0,1,205.03594638260182,normal,low
34.77503496829901,81.38444394024742,0,0,260.4162386481513,normal,low
35.43640766571643,46.20120700167947,0,0,261.98894914284375,normal,low
11.872887645443942,82.47815049919318,0,0,157.7712566786968,normal,low
27.66157053444091,81.08962827139172,0,0,125.89910817307106,normal,low
36.19802028453535,24.169711950051997,1,0,185.323623152054,normal,low
14.544084598421684,62.28284385438588,0,1,187.062109319584,normal,low
17.543208713251943,58.030830605781816,0,0,248.33812770740195,normal,low
29.54212002111001,61.557881559536526,1,0,185.18219082755695,intrusion,medium
15.819413905511265,86.08341062993348,0,0,194.52793211955574,normal,low
38.815190790298395,45.0922948329486,1,0,276.509585540157,normal,low
20.194013559488308,34.18021047809385,1,0,213.8368487992603,intrusion,medium
32.284511565673306,25.58958098723173,1,0,277.392076253076,intrusion,medium
27.839570685140195,68.24291417203945,1,0,288.06841783739253,intrusion,medium
29.488765587640934,35.5147525412912,0,0,216.97197437525796,normal,low
38.48534681172078,36.36326317663301,0,0,217.42473829068294,normal,low
31.63295911912083,42.302374315298685,1,0,252.62766048753628,intrusion,medium
10.0,62.69501179312088,0,0,207.3836298674034,normal,low
38.16711007263508,37.733804244185116,0,0,336.3406629270777,normal,low
24.24553899331856,29.38342100687133,0,0,169.65215231050843,normal,low
41.960734409586536,87.664159736074,0,0,227.7613064283978,normal,low
34.08682143174603,71.09972749525076,0,0,251.62189150364952,normal,low
33.55330279590797,70.54586758015515,1,0,258.7007835743966,intrusion,medium
18.787661106387784,44.5012538462868,1,0,188.09173312724172,intrusion,medium
29.977115978249287,34.70578117882489,0,0,186.26336220566114,normal,low
45.21714140048023,55.416200568331234,1,0,192.71260345279072,overheating,medium
31.68124537670483,42.91677045715665,1,0,208.223409189712,intrusion,medium
35.62051966983217,75.68790952465368,0,0,150.31256755674264,normal,low
39.6299190853763,22.632268989146684,0,0,200.33815455205416,normal,low
23.219505719748785,84.7412217702818,0,0,196.4844136203651,normal,low
25.9198439748821,89.84096800414842,0,1,205.05414383010614,normal,low
29.733092475373915,47.42087662104526,0,0,124.3615063275942,normal,low
15.864227403568737,32.609573253661665,0,0,187.1295908374324,normal,low
46.9343454309039,76.03244441056852,0,0,219.623488720947,overheating,medium
43.21612981845245,47.922116524336644,0,0,226.80607958945987,normal,low
29.416400427039623,32.6366541684447,1,0,173.84493531248216,intrusion,medium
21.707961644260998,35.48491082415389,0,0,163.89016835838197,normal,low
27.304125248431575,23.547845163314236,1,0,187.0581800366891,intrusion,medium
15.831929082052579,56.69147856842831,0,1,294.3105103283203,normal,low
31.210272401820475,27.092212878045494,0,0,178.20118705423002,normal,low
34.323295589811565,38.28029274892535,0,0,250.500950503034,normal,low
28.286046428382903,26.01476139387624,0,0,195.72369372510673,normal,low
23.211851684501532,72.71141753042852,0,1,239.6315043635461,normal,low
20.44081231383831,61.84349203944152,0,0,176.5355225900881,normal,low
40.382156736337436,41.33030942899686,0,0,282.34405482378327,normal,low
33.02650995179822,52.39040919883582,0,0,138.10016443366067,normal,low
26.706083511675487,70.22399524294693,0,0,174.07477428818564,normal,low
31.3363084190287,21.693047998270288,0,0,150.76497975814786,normal,low
48.63901901813319,81.73477017687472,1,0,185.7385067722916,overheating,medium
22.385734164484592,62.47538388611457,0,0,205.3295137965624,normal,low
17.24056948877925,23.086561526523916,1,0,218.06116177650577,intrusion,medium
37.28945107497075,66.76713290083443,0,0,258.02692344019323,normal,low
38.709071971812996,43.69360583234132,0,0,144.4092766428431,normal,low
34.01999669945575,64.13676886846635,0,1,169.33973300603526,normal,low
32.79717319599551,48.837525909630074,1,1,238.11489714213653,intrusion,medium
12.03617504582558,58.62576357150449,0,1,207.41538428696373,normal,low
23.569075535848455,61.429449365073886,0,0,202.33428841405976,normal,low
28.646511268957322,54.96314090285332,0,0,185.08763590461365,normal,low
28.878053898248055,72.63997766066873,0,0,152.45458783441538,normal,low
14.556523806384753,40.574509592017904,0,0,253.48299606183275,normal,low
30.241874766199498,50.994459563438845,1,0,198.4420383770067,intrusion,medium
34.952035557618395,81.08949307218572,0,1,241.24418442712027,normal,low
25.46779030340587,73.73657285711742,0,0,153.48706882613885,normal,low
23.789359679824518,76.58700998371171,0,0,231.20851524631232,normal,low
25.852799549982066,60.59565148497297,0,0,196.70523746818446,normal,low
24.806475983747433,68.71430425266873,1,0,117.82889610380298,intrusion,medium
22.636813040154767,72.00936660506912,1,0,306.78051421933685,intrusion,medium
26.339914603701963,25.378571232252124,0,0,246.13040850349466,normal,low
37.50289969133311,32.94609473246332,0,0,205.70052801446909,normal,low
34.55202682206853,74.99872132169389,0,0,155.82996276979048,normal,low
36.773430512689266,88.52534372429152,0,0,258.94232996385375,normal,low
22.832571403184776,48.54996399388595,0,0,183.74239432956645,normal,low
29.492671761386106,56.03536119862627,0,0,254.9774143734479,normal,low
37.039511470102255,46.49221223147629,0,0,277.7668803231147,normal,low
22.441360048034714,65.88484081551542,1,0,211.68175445777948,intrusion,medium
31.240588695372413,88.23853938388498,1,0,250.69305095733952,intrusion,medium
44.62770282091459,37.446116833254635,0,0,277.63795423975665,normal,low
21.204495296720324,79.06913201065029,1,0,187.42038657964122,intrusion,medium
19.80972510344464,47.792641904519,0,0,200.87213795718483,normal,low
20.53228204880946,33.63255731614794,0,0,102.65934190253422,normal,low
34.54964511475957,81.41280345270482,1,0,201.57187384408786,intrusion,medium
20.97949901008534,76.12635709964962,0,0,218.77153039831148,normal,low
33.44335845856074,89.9486215439561,0,0,188.5685655596091,normal,low
37.76960590694245,39.819961086222904,1,0,182.3241239186168,normal,low
38.97367054992535,20.34034165833957,0,0,132.07020869379994,normal,low
40.61698191223837,74.54559384980789,0,0,195.45212022904389,normal,low
29.892780458556608,44.29310618492973,0,0,102.6448711781129,normal,low
20.378517746275275,30.590235390170122,1,0,199.44126713436287,intrusion,medium
24.981699373482463,77.06834923006184,0,0,226.62141773496828,normal,low
36.22472362828948,69.57177450185063,1,0,282.16814902432907,normal,low
38.84783432583841,80.70357517493753,0,0,185.5816223585112,normal,low
22.090736847900672,35.518664705038574,0,1,247.1852602046115,normal,low
36.16796223762533,86.62709009306941,0,0,216.6158547955753,normal,low
39.53043879353219,83.46255838955196,1,0,212.23552705546302,normal,low
38.621754246802105,42.83071617209076,1,0,159.6588894863031,normal,low
27.791665148696644,55.39755546130251,0,0,194.47997443003237,normal,low
30.33058128944513,43.14032612304095,0,0,278.58481738294165,normal,low
34.71684926343246,42.313741232506906,0,0,242.2248949205881,normal,low
45.2310367357313,50.41307185582255,0,0,244.10326143640862,overheating,medium
40.76139757748297,37.90669331311034,1,0,241.73815140495518,normal,low
32.246538381722495,34.007963702328254,0,0,259.84747128570297,normal,low
31.13427680369225,46.40481543772938,0,0,184.7733232582864,normal,low
35.81006204920115,48.334410057624666,0,0,161.2020970975011,normal,low
29.879294511414066,28.375073487639902,1,0,277.83033684943416,intrusion,medium
36.034954971013924,32.66378965085019,0,0,276.19506977316865,normal,low
33.49304281062567,64.2549533402191,1,0,305.9849814903629,intrusion,medium
25.73383517629441,80.2863775904064,0,0,143.4326584878776,normal,low
21.670279476982387,67.55666867939857,0,0,212.85597189682704,normal,low
24.428352308644474,86.9671488383776,1,0,273.3309232534332,intrusion,medium
46.01766022192046,25.160025192701312,0,0,216.1976312603438,overheating,medium
31.14673606643883,85.72058883726123,0,0,161.85582936523798,normal,low
20.77454473430263,75.3501414022428,0,0,224.83963298920528,normal,low
27.930461407718038,81.55922766134015,0,0,176.96041102741688,normal,low
37.48607582118133,21.960450907807243,1,0,61.14628373751242,normal,low
35.63574365937645,42.02807609805038,1,0,292.35933467840414,normal,low
38.69397169359758,88.25467074355782,0,0,271.9366894777902,normal,low
27.98052972683959,49.69053253538145,0,0,169.59167785392,normal,low
39.525792394203776,28.979618951722763,1,0,288.07370381880605,normal,low
45.81419439539187,49.02845316575616,0,0,157.62569384926144,overheating,medium
26.446665622492443,56.61896859104011,1,0,201.28630483743711,intrusion,medium
29.8899317049751,40.34903651403756,1,0,205.60862796439355,intrusion,medium
26.2126471053482,20.505823995956188,0,0,156.63429292101398,normal,low
11.628890820266832,74.68748625702578,0,0,181.0215864077855,normal,low
47.47177965923724,78.86301646780652,0,0,221.31880440731447,overheating,medium
35.420316692287315,27.127355053185877,0,0,252.19254319031137,normal,low
19.470482039649365,24.64631561568542,0,0,240.40792979039435,normal,low
37.19134676381238,75.1113674428583,1,0,303.85844193660625,normal,low
44.99689041304205,75.06058697265625,1,0,214.41259268640206,normal,low
35.57092771366883,75.03533280556601,1,0,81.35388475013335,normal,low
53.299071400789806,75.0155109576958,0,0,156.4091771455259,overheating,medium
34.16276302720637,74.2926323391709,0,0,208.02832085598249,normal,low
24.36135140678611,86.96046293435943,0,0,115.37243760615958,normal,low
48.7598320487492,31.985205902775917,1,0,248.9592832740496,overheating,medium
22.377699290232766,49.81317426123391,1,0,232.9868219394662,intrusion,medium
26.31994787798537,65.83944059733832,1,0,250.26092537993424,intrusion,medium
29.117112856439753,82.76086607848934,0,0,242.28878952528592,normal,low
19.569268329295404,21.41682319357012,1,0,126.37761448117169,intrusion,medium
38.54330113979495,69.97118637310246,1,0,319.2224214128728,normal,low
31.008755228032907,47.85202919646312,0,1,95.67456551568489,normal,low
24.142057973251855,21.31969429347634,0,0,280.1867552021273,normal,low
26.988287774451067,70.13923354638263,0,0,196.29910507519622,normal,low
24.012455349875104,39.898256865093614,0,0,159.9041636941655,normal,low
39.184651905048895,62.48106363753588,0,0,115.56490799678024,normal,low
34.77730023116946,64.94224226433363,0,0,250.3556257165714,normal,low
25.750955679755403,36.56334268611506,1,0,209.55706003239817,intrusion,medium
17.038328897177283,24.02719039682072,0,0,163.43797991784402,normal,low
28.770907652922524,69.68572436691281,1,0,227.6687387755812,intrusion,medium
46.01718572471641,74.52694074350156,1,0,194.59077706092813,overheating,medium
22.719287189980303,22.752194119736988,0,0,132.7066619668817,normal,low
33.09349462082265,56.58832783007055,0,0,242.38362610499775,normal,low
26.643528906594955,67.30786424197177,1,0,271.22432089418675,intrusion,medium
33.50317540213848,74.45271741673031,0,0,178.91665558914724,normal,low
24.8100406725735,24.79792572389882,0,1,138.05851602808636,normal,low
35.05680631482865,23.036835008189428,1,0,199.22090396932626,normal,low
24.39184373678814,66.68754969564105,0,0,179.25703928944816,normal,low
21.493694300810688,49.043436870787346,0,0,157.80516135236383,normal,low
29.89660773754329,31.17667359102596,0,0,207.75704682998776,normal,low
33.04640895321115,88.48923588691169,0,0,191.47336758622444,normal,low
40.076822415935226,38.455311401297664,1,0,173.73101154488083,normal,low
18.963084476231664,64.90712081141504,0,0,243.00558269143835,normal,low
35.68686176477419,70.47576639154573,0,0,200.33764198369508,normal,low
23.48749763569132,82.94271538300325,0,0,202.10492745727294,normal,low
24.02902221905437,59.959220946018995,0,0,193.51160941529352,normal,low
26.312397483703176,54.21223623938907,0,0,249.83707917849352,normal,low
31.902350208791646,34.05653181596187,1,1,206.81206828513777,intrusion,medium
31.89815591184236,71.91411502504305,0,1,250.44072739460628,normal,low
19.74136164868357,68.0827784332472,1,0,243.53983817333653,intrusion,medium
23.659172950417847,66.24009974219561,1,0,136.77465837921943,intrusion,medium
42.30087359718592,34.50083539117083,0,0,256.71834999762837,normal,low
22.205364927815506,58.170092934824126,0,0,199.3559238015413,normal,low
39.083970972555036,65.29700055904699,0,0,249.08824067655286,normal,low
27.827062031188035,66.6650849397173,1,0,188.93940448481771,intrusion,medium
13.970329107349983,56.41046656585847,0,0,204.5076752472588,normal,low
16.83857338218832,82.39981947181607,0,1,239.19540797268962,normal,low
30.350861794870223,54.119528618203525,0,0,143.55905473823333,normal,low
38.47198239612028,39.70094763528495,0,0,183.01261839217432,normal,low
20.960317898344783,72.59633653972283,0,0,253.70454763189906,normal,low
30.784670539712216,60.47534141499222,0,0,230.68584140642184,normal,low
30.92158965755112,85.39963037575954,0,0,54.47041025908899,normal,low
40.812598339798505,31.77439555598407,0,0,209.38124110418264,normal,low
32.07038104423255,74.5718409748801,1,0,237.04775698392243,intrusion,medium
27.525716491804424,79.84339618855702,0,1,168.10631594376872,normal,low
31.40582038252073,55.15216557148232,0,1,108.8810204736881,normal,low
19.04465328181157,41.7938581894681,0,0,66.23474456588622,normal,low
42.67563561135941,85.07124993258167,0,0,193.0723727547079,normal,low
20.108439850979593,45.35384369016286,1,0,184.63341547648264,intrusion,medium
36.06844281121928,65.34560892313681,0,1,183.93193640370578,normal,low
29.223453551961935,24.730906461106308,1,0,278.0152094076654,intrusion,medium
31.65879780461747,49.006341977394854,0,0,273.13708888986736,normal,low
10.0,44.48962869157731,0,0,164.94251451612658,normal,low
31.214542750073683,36.472323567143135,0,0,292.6622652427893,normal,low
23.710031300240658,46.83189006143422,0,0,59.64028098807864,normal,low
14.62251526733974,37.429212979227344,1,0,282.97118840490657,intrusion,medium
38.266534809440465,44.177408930929175,0,1,177.6083013779303,normal,low
10.0,42.00219567654854,0,0,230.43249571887122,normal,low
32.196098698875595,30.149466542894842,0,0,215.50210143496764,normal,low
21.340784935091428,49.62774343341656,0,0,216.24159706452107,normal,low
34.19590625813445,34.137941664526736,0,0,172.7875363402084,normal,low
30.872048947276614,89.59419338388497,0,1,267.5448964707035,normal,low
33.196456858747105,71.94680379069521,0,0,198.09317388231696,normal,low
34.21864061381815,52.33393197447415,1,0,188.43380735644007,intrusion,medium
20.52371030962791,43.527989851244484,0,0,154.3639343637612,normal,low
10.0,86.72215414344734,0,0,222.01441792340535,normal,low
34.897636085073444,44.62631572297379,0,1,111.31701588302498,normal,low
10.0,50.12985485933328,0,0,99.42307135828105,normal,low
10.685428601030566,60.86630291991684,1,0,192.690865831361,intrusion,medium
20.796750668151553,62.235618405962946,0,0,244.0970302332816,normal,low
32.61733768645271,70.24717539779098,0,0,179.21464522934426,normal,low
48.4023675096657,84.23379093446901,1,0,213.2227427571413,overheating,medium
45.00046707388198,59.30455609876502,0,0,155.55239889933296,overheating,medium
21.46173885916881,27.153527236839047,0,0,211.6060856953076,normal,low
28.017238172541695,83.65030324451371,0,0,124.88231331153007,normal,low
22.04280676483154,89.84328877615785,1,0,129.48531288233315,intrusion,medium
42.296958799930906,28.578433944066038,0,1,265.8115002454623,normal,low
41.56969747906834,27.374458104849047,0,0,180.62288541361914,normal,low
31.411494820500504,58.697472631005624,0,0,138.5413367767819,normal,low
25.8039485867254,63.96634582302085,0,0,241.18718412427432,normal,low
31.563833255642848,32.6360506334252,1,0,135.1516469640888,intrusion,medium
23.44011542659596,87.8614213283553,1,0,139.4555078856019,intrusion,medium
21.0142091505344,25.84259921728689,0,0,153.7988989709155,normal,low
24.583940813965786,41.841823034629314,0,0,222.56559015269357,normal,low
34.1297298640974,82.88522982828623,0,0,133.05231411541956,normal,low
10.0,53.67543552417384,1,0,284.62367708122383,intrusion,medium
39.525390082018404,30.386478488620803,0,1,232.6216189413577,normal,low
11.023912427238344,57.55496619493464,1,0,161.16892571702724,intrusion,medium
17.65481577738892,85.21169116451306,0,0,213.42166601782793,normal,low
25.77567214958611,62.90824776197441,0,0,178.01052054522913,normal,low
16.165500264280052,25.07661768913438,1,0,318.1768011473601,intrusion,medium
34.89526064143131,35.99386005253774,0,0,81.80785729277571,normal,low
21.170700682515253,32.16631664916691,0,0,159.50424398792995,normal,low
23.563663566736068,84.22260855714903,1,0,137.68844338218724,intrusion,medium
13.023025530872328,67.16572443305895,0,0,231.50247795831194,normal,low
32.97780905918683,83.34215199375961,1,0,232.05762979864522,intrusion,medium
18.818421884767453,51.6260618814222,0,0,190.9914391657234,normal,low
29.93954240724018,77.51453138835095,0,0,260.9173719693429,normal,low
11.554607598969447,72.41235956842822,0,0,182.6340727473291,normal,low
24.198040505225073,63.7384530961175,0,1,304.39938430830296,normal,low
21.001059421222056,72.8401127627578,1,0,194.31652365960548,intrusion,medium
11.762049523764507,65.36224671010112,1,0,239.39255517805108,intrusion,medium
22.55495198657593,57.737088220162434,1,0,205.33967346717913,intrusion,medium
39.43210303108515,83.207393869513,0,0,226.0983302181751,normal,low
39.14664775860306,48.67692756397048,0,0,274.8560847085767,normal,low
20.976547187832836,36.30639391285857,0,0,193.61570481482048,normal,low
32.59411764815165,64.8977994469343,0,0,150.5101165105925,normal,low
24.530565507863198,57.950303056371304,0,0,104.33352759209627,normal,low
24.306802470324293,56.015381454251035,0,0,144.48653766752255,normal,low
38.96809347318286,27.195736753799412,1,0,110.33941137148841,normal,low
25.753913987486015,24.00152545449619,0,0,286.18882784262973,normal,low
13.436954674447772,20.61273948272976,0,1,250.3059232092486,normal,low
15.641429951847135,36.629005790270526,1,0,221.84454483504956,intrusion,medium
34.865438819053324,45.617325200523666,0,0,213.96067046373048,normal,low
35.15910745181271,54.261213023950255,0,1,77.21523353466947,normal,low
23.580733572080167,86.12830041855865,0,0,198.4249177533386,normal,low
16.82614627744293,25.27089359528886,0,0,199.44659282298326,normal,low
24.762277267527438,60.65533890338045,0,0,176.0652714289904,normal,low
36.41623992874556,41.281664592245676,0,0,205.29287011239515,normal,low
17.186160529272563,74.87944987210057,0,0,143.06677267724845,normal,low
42.99533133432551,64.78938080867471,0,0,164.05788175958614,normal,low
30.166812705760783,76.35394219839941,0,0,165.9698560455655,normal,low
33.952618465610236,20.033545266931405,0,0,200.6973252181228,normal,low
27.720987546836056,37.054207632759585,0,0,248.22877048098866,normal,low
20.025465301950426,84.76725250836,0,0,184.47057152344647,normal,low
48.99998665539335,87.97841187610652,0,0,218.52975655389906,overheating,medium
18.25760097808351,49.869181622749615,0,0,276.1804744450239,normal,low
26.89762395130595,32.22924686675832,1,0,235.93716999659287,intrusion,medium
21.44976984052746,38.8110352391257,1,0,249.0591431350741,intrusion,medium
28.00121263992895,57.33361839391935,0,0,211.7493907064978,normal,low
31.57592524975541,42.52961218795119,1,0,236.71634402730166,intrusion,medium
35.000593366361166,72.29684513088844,1,0,174.02235032170606,normal,low
39.223170553553516,76.31624762868674,1,0,109.03593181649296,normal,low
23.081829875131064,45.44387210296046,1,0,283.6033034401179,intrusion,medium
31.14399880891438,50.175086347629446,1,1,252.94201639290583,intrusion,medium
28.999387737761925,68.75460646291768,0,0,213.35202824314214,normal,low
18.897772825960054,71.0388865043076,1,1,218.25613038568963,intrusion,medium
20.310673543817764,86.54369048361012,0,0,170.4699965628226,normal,low
18.827556424402587,39.87702829514496,0,0,283.3856225235979,normal,low
36.00307957445915,64.20698794348024,0,0,196.52544100462853,normal,low
33.72674624661987,65.72067470940716,0,0,210.61400858287834,normal,low
29.9158705404891,29.818251325583198,0,0,146.07121415510892,normal,low
54.06753786490046,71.93565352316352,0,0,230.4376269167708,overheating,medium
16.316275407235153,56.94325366480852,0,0,132.2497278668372,normal,low
41.04473766102789,22.275963701156215,0,1,117.18386737561342,normal,low
14.92128902157242,74.39352476447195,0,0,222.66553992733864,normal,low
50.5902482357466,40.28515978330187,0,0,227.1997752760112,overheating,medium
37.20208835968344,40.249592801881015,0,0,185.4388407588654,normal,low
28.12958203199359,75.68316167766423,1,0,179.39582619779753,intrusion,medium
31.57073819898158,84.37853975252355,1,0,264.53168685975265,intrusion,medium
39.0003429664236,24.554426638208824,0,0,164.0603583380438,normal,low
25.847412000198496,43.98121906528857,0,0,129.35666795762256,normal,low
40.521005070055395,21.618335086851957,0,0,128.74179111218533,normal,low
31.79583875369536,61.17972016750107,0,0,237.32397590110276,normal,low
33.836924382251084,56.82382443553639,1,0,231.37289273869314,intrusion,medium
36.499090411232906,78.37078972759966,1,0,320.98050095321565,normal,low
20.876709217731282,77.1989009161222,0,0,230.24754167155777,normal,low
36.985568103215414,88.26490256627267,0,0,296.60730543127454,normal,low
25.14682661107421,36.54072516570203,0,0,211.70928496234214,normal,low
20.615119080432677,87.06387843308852,1,0,190.71581035419382,intrusion,medium
27.104312423527322,64.68842937271893,1,1,276.16859515675173,intrusion,medium
45.40695957821282,25.12370206346883,0,0,176.28883967525857,overheating,medium
10.0,41.3881677871746,1,0,197.80272927015793,intrusion,medium
28.526664175287564,88.83581762369684,0,0,286.4556365901684,normal,low
37.804612517568074,44.858593658727884,0,0,271.3658276051607,normal,low
24.95820995723678,47.69455585150701,0,0,131.48236903169982,normal,low
46.557704460193534,85.77234467748968,0,0,217.364403883992,overheating,medium
34.72435145641012,67.1233601885564,0,0,226.09315902160552,normal,low
11.931468522842053,24.15002112104723,1,1,218.49128977784264,intrusion,medium
19.987344417039026,44.56269563057139,1,0,203.50997033611387,intrusion,medium
20.053978498414903,69.22024801097047,0,0,265.18570679301786,normal,low
23.508536120784473,45.02884342110865,0,0,109.42415557540977,normal,low
23.960058697919948,81.11393668596082,1,0,148.50520295405977,intrusion,medium
21.943912293586042,82.56154448391166,1,0,204.93722724758322,intrusion,medium
19.308074697273717,39.51705540039477,0,1,197.5501142215396,normal,low
42.47266936201646,25.233369285061393,0,0,233.5812090125506,normal,low
13.728920044364077,54.34248345396791,0,0,216.84771748170732,normal,low
20.006030041988744,42.783961726639106,0,0,228.39082637404925,normal,low
34.226321831623856,89.78440063935204,0,1,162.23395906043152,normal,low
34.69690301239295,31.85465205120267,0,0,183.71326871337195,normal,low
31.573405378693316,34.33576055726432,0,0,226.65548175156016,normal,low
32.39339974342091,41.98161491968927,0,0,261.19951567440637,normal,low
24.776288094398293,30.787245237041418,0,0,191.05626236881812,normal,low
11.667824180669399,59.61328193291239,0,0,265.49545027720285,normal,low
44.92077217271935,26.78799295196983,1,0,254.54699664287432,normal,low
60.97503514240111,55.049240558803696,0,0,216.09221840238465,overheating,medium
14.071736156383945,63.78138568554673,1,1,153.1482263133687,intrusion,medium
11.632928873034896,72.78726614697572,0,1,139.44129479186208,normal,low
41.50278334417486,30.226763535109157,0,0,205.418119020573,normal,low
29.390178156090883,45.6035355419939,1,0,256.5227890269703,intrusion,medium
15.016908858751815,39.957443278598646,0,1,202.87306924739056,normal,low
10.0,85.46149991935306,0,0,206.0357447569177,normal,low
31.24129047380588,56.10641234291258,0,0,192.6707774229039,normal,low
16.90256007281762,71.79248068089234,1,0,168.8330370990693,intrusion,medium
29.134976038887533,31.562163767970695,1,0,159.6487289214212,intrusion,medium
29.885946941725752,76.45649231556355,0,0,223.9026164896936,normal,low
37.73998881793307,78.80735524371458,0,0,300.1353333934003,normal,low
18.453343045302347,75.38020741845202,1,1,167.55096481766253,intrusion,medium
35.87708540535813,75.23233398968594,0,0,143.2637212668255,normal,low
49.094568497889604,20.209226167468614,1,0,172.62220891143485,overheating,medium
10.0,71.80542178805214,0,0,228.96003421714795,normal,low
34.567298168835094,55.12281348471987,0,0,315.10139415974504,normal,low
18.176497106928714,68.72853817311888,0,0,179.8107593416833,normal,low
26.340430091766425,20.93163545598173,0,0,230.03980949862722,normal,low
38.679799672455545,57.79371375095299,0,0,129.28190291837507,normal,low
42.173454657571206,36.73206106992669,0,0,206.77004581837159,normal,low
18.46531049949121,48.52909174704279,0,0,261.16580243292094,normal,low
19.031014006229306,78.68014244633332,0,0,162.09986333193243,normal,low
35.8948040902845,45.92198838195557,0,0,184.93190215998607,normal,low
17.472741829126257,36.449356848831556,0,0,153.12605341157317,normal,low
35.094335698089665,38.53715908897146,0,0,234.4247594182499,normal,low
31.02204480959289,69.73599669266449,1,1,287.98453440961384,intrusion,medium
43.344948043137705,68.59117875601969,1,0,143.68468779707536,normal,low
21.42191824328863,45.55979250968523,0,0,209.7300053154968,normal,low
24.61984079614657,31.470007545431336,1,0,135.26148601002393,intrusion,medium
43.604732770840826,71.12874575547687,0,0,167.82234540172408,normal,low
29.140887800266494,50.4098382975679,1,0,195.94768275457582,intrusion,medium
24.551494182147792,52.887274978944255,0,0,296.1256112581838,normal,low
31.41085531017935,87.7571101900408,0,0,139.7422829601531,normal,low
33.60926492378291,73.0808270044451,0,0,165.64750136116206,normal,low
23.77805630382251,55.26990652982924,0,0,198.40668616333747,normal,low
24.621428771201774,24.049870607746314,0,0,181.34871339163337,normal,low
17.610348500702614,26.638955614271623,1,0,157.87606658725764,intrusion,medium
29.43428770153448,71.68440021938989,0,0,295.90903613910837,normal,low
45.341765517731,87.55161944408795,1,0,114.32026023532778,overheating,medium
20.93323759875012,88.76783315658115,0,1,255.92893629310294,normal,low
36.81459445485713,34.57112517388639,0,0,138.92868453536144,normal,low
46.050026697166615,64.58047489953475,0,0,312.0770695675725,overheating,medium
44.20677802298557,65.19911178820671,1,0,235.2071491582454,normal,low
29.648754920455087,23.683956254726084,0,0,218.68146165620604,normal,low
39.614768032663534,50.452802747276394,0,0,218.01402271995744,normal,low
39.685533935326625,67.75175201461516,0,0,200.61560076898462,normal,low
22.175472457248066,58.552424707287855,0,0,151.22492692029363,normal,low
24.64120697913532,22.05774131720758,0,0,160.29968435835193,normal,low
35.51114646953621,48.292684885652776,0,0,156.0730061979803,normal,low
26.49713531417678,35.156226070847424,0,0,239.8129007553106,normal,low
18.838915179401738,89.44917515659131,0,0,189.00263566835264,normal,low
35.46151011746613,52.47951653495785,0,0,199.78171705581235,normal,low
28.294955763511872,68.10283472607429,0,0,119.88611515403424,normal,low
10.0,29.387553766404352,0,0,176.9842458086027,normal,low
28.481654728690685,77.52888450115398,0,0,206.41225669103395,normal,low
36.632127498089204,68.1400515614053,0,0,224.81662170381597,normal,low
37.51425907281621,49.147832659963825,0,0,196.92482429209022,normal,low
15.102074720974517,46.44197182729659,0,0,109.65590025945909,normal,low
43.20095880662595,68.69628043218916,1,0,168.4585741453701,normal,low
28.330796043370274,22.24866404312299,0,0,285.7037929878111,normal,low
29.54655249733921,49.416181406564746,0,0,153.39229499045572,normal,low
32.22523540610781,59.902951886142496,1,0,198.87795450087359,intrusion,medium
29.932196390736397,50.12041131317386,0,1,249.37741638372793,normal,low
16.201746404176447,21.782216211509933,0,0,261.3678121507181,normal,low
30.784072063187764,72.35845015562974,1,0,168.25270524362708,intrusion,medium
45.45384347228734,44.63927601340646,0,0,264.5011246829191,normal,low
28.620088585899502,77.90343658402323,0,0,202.709533420007,normal,low
23.369727515906945,54.76339814450654,0,0,121.71806587824086,normal,low
38.33886348978748,82.72590969840206,0,0,247.08258264674737,normal,low
15.615056805812578,56.80121859823287,1,0,203.84020848967648,intrusion,medium
26.562802355902182,35.83466571272123,0,0,143.70355102163546,normal,low
37.85585270929997,58.369755607850074,0,0,169.0003371258561,normal,low
34.63325358095605,44.23975195114557,0,0,123.44439783560668,normal,low
32.09456602909436,52.855001786522976,0,0,192.46751859800514,normal,low
29.10903308757281,82.94574344240202,0,0,235.7657818374576,normal,low
48.03329118578297,69.87475911057277,0,0,211.19429550210464,overheating,medium
46.51078136026902,21.57564591536417,0,0,177.46944649722272,overheating,medium
26.365254707904953,79.3037837663433,0,1,184.0512030644223,normal,low
17.182903184455444,49.53428928069495,0,0,168.808954910456,normal,low
10.296813002744784,68.60113138923892,0,0,224.74170190439483,normal,low
40.142243200949,75.80559631775117,0,0,180.15876504943847,normal,low
22.166069202776754,85.14791064993499,0,0,144.47639150823161,normal,low
32.78584393529386,30.89947913773677,0,0,130.40383380447716,normal,low
15.614530677576768,20.055970276448594,0,0,230.8607957853217,normal,low
18.82316138696842,75.23638164727407,0,0,180.60397598184935,normal,low
32.91493165811222,76.51326608995376,0,0,216.08885335124015,normal,low
22.583237268125544,76.67417014253877,0,0,182.35715881161724,normal,low
38.6780964332544,81.4958029784593,1,0,214.3492250697902,normal,low
13.236334606925581,75.40408931123011,1,0,267.8094935019515,intrusion,medium
15.808976226915432,58.22587509792946,1,0,77.53126425687842,intrusion,medium
18.103663164537167,71.14449697294239,0,0,57.95420199716244,normal,low
25.296623122920963,77.14799337682047,0,0,191.5253515394719,normal,low
37.285968380420385,87.81978472584215,0,0,215.8873901668438,normal,low
48.17259671724737,68.66166687643167,0,0,262.5604174646282,overheating,medium
30.003178315436273,56.308908717842534,0,0,267.30930090628175,normal,low
42.96095217080268,46.59324440955463,0,0,249.53850040827314,normal,low
18.97184270174005,77.15856893262922,1,1,142.8746939484751,intrusion,medium
20.519518337014475,44.742122072639674,1,0,272.7868112300018,intrusion,medium
37.79828490567218,67.02517002945513,0,0,250.79078767590232,normal,low
39.54536490060749,33.96110642141176,0,0,215.21168082309924,normal,low
36.47038224649677,61.07639831248559,1,0,190.77579914617823,normal,low
17.82481158960898,83.23489992718834,0,0,227.3698973155087,normal,low
34.7251480114959,33.251377835779536,0,0,236.70046847017076,normal,low
22.968004011833106,77.68997634163148,1,0,315.6441948398327,intrusion,medium
48.664644475047275,81.30171123555961,0,1,166.49483969192303,overheating,medium
39.692458487681364,69.18218629662147,1,0,154.55512852831657,normal,low
20.664288337691787,64.16541103741785,0,1,206.3791569593853,normal,low
22.390006905161755,71.81425567076238,0,0,219.85779943382565,normal,low
10.0,37.71635091901035,0,0,232.287515799452,normal,low
33.742214838409296,46.12800821802206,0,1,218.07163487440494,normal,low
29.318210941029648,21.86794484125523,1,0,214.28457902072924,intrusion,medium
34.16833123956075,82.76188691465947,1,0,214.94535997837417,intrusion,medium
26.947021805452533,75.91337620421558,0,0,113.92052922999221,normal,low
38.426447267310564,66.26841400864706,1,0,218.0852251980953,normal,low
25.426419375373644,52.900668620920186,0,0,174.29644500385584,normal,low
37.98013157608822,67.84399509294332,0,0,227.03907495684655,normal,low
46.262117962476474,87.40028878687338,0,0,145.8148011547332,overheating,medium
10.17180494796387,62.87913548764551,1,0,173.85286942585154,intrusion,medium
31.995522127570144,55.02048360768642,0,0,194.5210675014664,normal,low
48.47103612191728,61.158982328761326,0,0,119.72987629164183,overheating,medium
29.413566389376015,24.996421443488305,0,0,241.97517892544036,normal,low
32.89664655557049,25.094247082973567,1,0,239.70592785505417,intrusion,medium
41.24253294042289,60.34166815553385,0,0,167.6688860059799,normal,low
27.855657800911853,67.04236733247993,0,0,165.68052022232155,normal,low
22.09619241074364,32.992092271432774,0,0,165.56997225277283,normal,low
28.125862057051755,32.60925413921403,0,0,220.98553777851515,normal,low
31.288859194559272,42.1211386814842,0,0,134.38643412037902,normal,low
25.94773424304814,47.78231555995402,1,0,108.15497334431676,intrusion,medium
39.70023016611738,21.968593326511737,0,0,181.47097952078894,normal,low
28.23263192218305,35.74446754765077,0,0,156.82685429635265,normal,low
21.110845491503895,61.608335827001675,1,0,202.60110209686454,intrusion,medium
48.22698465354184,86.34658863414849,0,0,169.9711036659278,overheating,medium
30.280634030704977,54.37298352565904,1,0,205.4608440272073,intrusion,medium
36.694982539024736,66.17778836908118,0,0,256.08691056852604,normal,low
27.583269171686194,21.97489220994739,1,0,154.4764799353993,intrusion,medium
15.53716768555928,24.61895538023935,1,0,166.94760105056434,intrusion,medium
26.10948373705996,32.490991009046716,0,0,84.85512678799292,normal,low
28.275008025977293,65.69539964023377,0,0,251.40158392472597,normal,low
25.769357142097192,29.55662744455734,0,0,241.79806983204185,normal,low
18.112220973693773,71.52565685657646,1,0,160.6258585804837,intrusion,medium
20.52825542653969,43.2337292789876,1,0,119.05529802588909,intrusion,medium
10.0,53.47050608258666,0,0,233.4784569579469,normal,low
35.09858269240585,44.05537623937891,1,0,255.40081112747814,normal,low
40.06821410370385,58.4678381054645,0,0,196.72383042535859,normal,low
34.61831059132735,43.54284315146614,0,0,214.5287183070361,normal,low
32.75167986034117,47.11272343902297,1,0,208.94489755082952,intrusion,medium
11.496821283713519,39.619780033471855,0,0,129.00371577774797,normal,low
24.107449593780586,56.26656874434135,0,1,191.94264651360007,normal,low
38.05310713241541,26.763373332157887,1,1,198.7747272734774,normal,low
21.04680251261662,38.86092809150384,1,0,238.00559291181344,intrusion,medium
27.31510408046309,44.20623149930698,0,0,150.41082091433648,normal,low
37.55547150848133,43.833596956275585,1,0,227.2776261387109,normal,low
41.5636204932299,44.3978056121473,0,0,237.66330988447447,normal,low
31.79263433276282,23.062840916114308,0,0,193.18526771302624,normal,low
32.161598771385826,41.25747916378891,0,0,154.78035619187767,normal,low
25.168393259191916,47.15921855788769,1,0,80.54942108342587,intrusion,medium
34.46094046702174,88.5724980991369,1,0,220.90244010483102,intrusion,medium
10.0,46.02524112657653,1,0,145.8632703588616,intrusion,medium
28.427785108689864,44.17577249990794,0,0,179.66318926198738,normal,low
15.202946638765049,46.7082148153917,0,0,96.5951922380054,normal,low
21.827592796805924,55.55048381584683,1,0,174.0321799410416,intrusion,medium
23.572038501977076,46.08859557675201,0,0,216.92514554998064,normal,low
33.477070896526286,26.46653203612991,0,0,226.1579599121305,normal,low
35.82943608877604,62.24240494593538,0,0,224.61881642709028,normal,low
23.72027538593573,38.95101732070137,0,0,180.52577467867332,normal,low
31.985260516277208,83.9845165223447,0,0,206.50535244375774,normal,low
43.776076012352775,46.332903513381936,0,0,175.2096465000215,normal,low
36.51375799724521,47.063770087882205,0,0,211.19536197066267,normal,low
20.26368572455837,87.5846815063991,1,0,194.27323701273565,intrusion,medium
22.50088210202999,50.848603424693096,1,0,152.23177697897424,intrusion,medium
35.75136288805378,56.76157267110546,0,0,296.4977005190835,normal,low
23.122431760066657,53.89631569444026,0,1,188.47892671720018,normal,low
38.47971419169139,32.896591710824566,0,0,220.82642917196483,normal,low
25.19561084917909,30.723739024636252,1,0,154.2664323211816,intrusion,medium
36.41365910003256,34.23086407915932,1,0,261.9468944463437,normal,low
20.048673081953083,30.28034325720282,1,0,213.27178434463923,intrusion,medium
43.18705930322197,28.353440988858566,0,0,217.39527340803417,normal,low
36.39297796612256,32.523264851892534,0,0,285.56103493737385,normal,low
19.799414056460066,60.826596547059104,0,0,276.6797614342671,normal,low
28.265109538214382,76.30020570841138,1,0,227.41561350206146,intrusion,medium
20.23905850555252,36.148548792698364,1,0,182.36815190399966,intrusion,medium
16.76804516235662,41.00121493144432,0,0,160.46508956962435,normal,low
22.062820017650385,39.60683868262265,0,0,230.38019965429515,normal,low
35.745791344869424,82.65030110480184,1,0,297.9325110721463,normal,low
26.916703451526253,29.233305276837164,0,0,227.35878881804217,normal,low
37.03093943578352,57.99360992710046,0,0,97.1182622079178,normal,low
39.019689378458416,25.803979876996202,0,0,90.83215162982654,normal,low
38.76212361080151,66.20656184712072,0,0,226.54098830469874,normal,low
33.21213613103909,85.9374060179039,0,0,268.5271941535867,normal,low
28.533773922138764,41.482222228205316,0,0,210.09593786380236,normal,low
37.166629723389015,89.54763012964284,0,0,241.05297520801955,normal,low
35.71357845815499,58.287297555825724,1,0,239.848074772528,normal,low
31.643855681372102,58.48701279837099,0,0,177.9958977452731,normal,low
20.34071819840701,74.20048403267043,0,0,201.94439223524867,normal,low
39.14730057998612,42.308795466446526,0,0,198.78664098355938,normal,low
44.97199885887575,84.919535075573,0,0,269.75535544774425,normal,low
37.93245140088291,56.9834553861723,0,0,193.37636914953558,normal,low
38.129267470052746,29.515555124675334,0,0,184.40368452481476,normal,low
10.0,41.52024231185072,0,0,185.68823098254418,normal,low
38.08061890896916,56.977065960725305,1,0,183.85763639924318,normal,low
34.151975417097304,51.24958221618638,0,0,230.84255591133999,normal,low
17.91176884940836,60.981926636349144,0,0,269.57966299140764,normal,low
26.8355776315137,46.96761511835834,0,0,161.88892533368283,normal,low
43.260171152049224,67.95641261898061,0,0,213.99257835494424,normal,low
40.21162438270545,75.50014440066644,0,0,252.4988618716539,normal,low
24.31348280065906,32.801258712648114,1,0,174.3359536278292,intrusion,medium
26.543401677868047,57.02048820577804,0,0,262.8024920654061,normal,low
24.751558413157404,64.02418355304002,0,0,265.3943721713105,normal,low
25.209151050259145,88.20724329467814,1,0,209.2911214124802,intrusion,medium
46.02902030670303,85.93800306687793,1,0,153.81819453137638,overheating,medium
26.035863780785096,80.56051143693827,1,0,196.73719356795968,intrusion,medium
42.93310416477793,44.26198778856279,0,0,189.89560704674463,normal,low
32.50032185674858,82.40537746519081,0,0,150.0270821041342,normal,low
10.0,35.99571737221089,1,0,242.6377928252069,intrusion,medium
13.620613693072809,61.68427233058703,0,0,193.66541157684807,normal,low
25.37780031708582,49.15316631230267,0,0,163.69146659360516,normal,low
19.255106475918303,53.10971173022072,0,0,180.64466711778564,normal,low
38.527929187688386,58.06470517510707,0,0,197.42846523613315,normal,low
10.0,56.64077930633361,1,1,226.955510195833,intrusion,medium
48.07797201567474,30.574612236715208,0,0,96.2515146271427,overheating,medium
27.076012124419954,83.31326739258418,0,0,250.13125111631655,normal,low
40.804179633167664,85.78233617705962,0,1,245.5845293781753,normal,low
49.17395527308449,37.31597369771984,0,0,148.89529086772825,overheating,medium
14.064237426525017,37.809446174319255,0,0,240.83467122704562,normal,low
31.577925777443834,53.93525573736536,0,0,255.6139474694459,normal,low
23.127444706305322,33.56385908112417,1,0,160.12297020962438,intrusion,medium
37.41542518282638,41.56268740327085,0,0,220.55828157164402,normal,low
36.86684829662904,36.47682045978091,0,0,272.84812418617764,normal,low
34.156127142188225,51.38778664135802,0,0,196.91574716383047,normal,low
37.0044675867699,38.082483629847246,0,0,207.2868909356976,normal,low
37.94842715877077,31.067068747589147,1,0,95.5192866143941,normal,low
41.14088082258307,75.62410712465785,1,0,281.8549238956428,normal,low
24.35602155321653,82.55325842300778,0,0,50.0,normal,low
19.77550391983282,75.13437641961417,1,0,176.40530161565167,intrusion,medium
33.822293048133176,66.9004325458138,0,1,191.2792306896928,normal,low
27.94640623461976,53.873728336002145,0,0,244.35060386918252,normal,low
13.631674984322366,24.50157810080831,0,0,167.90491794519878,normal,low
11.458091750313816,39.551665014817004,0,0,236.86161046374448,normal,low
22.25177362417155,67.06505444452515,1,0,226.33179443834683,intrusion,medium
18.27721040965284,53.34817413627209,0,1,266.3060902909422,normal,low
12.857150124997272,61.31589967655754,0,0,149.34641599741607,normal,low
22.84335488953056,66.55298536207064,1,0,210.3339498749304,intrusion,medium
27.08117376023268,58.64715700947039,0,0,233.11198575722563,normal,low
28.89544933311227,25.90156952788078,0,0,120.68771505459246,normal,low
36.07924292816239,74.52507275357164,0,0,226.5028060271282,normal,low
35.79018568367025,85.07473315913742,1,0,163.69838778678286,normal,low
10.0,42.54634232678667,0,0,187.62087796620318,normal,low
35.226903038895834,34.42502557985213,0,1,155.5837505170312,normal,low
14.513567587008623,77.25416776111615,1,0,152.04583879607873,intrusion,medium
25.518396893715085,53.67900767818739,1,0,184.37753215995792,intrusion,medium
36.77336099747028,63.862023582414295,1,0,146.18330607499507,normal,low
19.78288207473332,56.600326279316704,1,1,201.94748263965346,intrusion,medium
38.8130040590518,22.324626729496316,1,0,189.28938588428255,normal,low
25.463022190299778,22.666640685672142,0,0,122.11747206812214,normal,low
44.4714624376285,55.40595166751727,1,0,224.28165854877145,normal,low
17.953448402732118,42.722207581128586,0,0,189.2297603901971,normal,low
25.0386676954501,71.31890665079331,0,1,156.4686502006356,normal,low
17.376109566056037,66.38650196811285,1,0,193.83835703294613,intrusion,medium
16.208570886441702,54.70589599528226,0,0,198.446384322753,normal,low
23.12929290366352,41.13003737547087,0,0,226.17409796810784,normal,low
33.03331428053517,47.55789949880402,0,0,262.3162917229605,normal,low
25.35477078805551,84.22496491389123,0,0,228.8466101711419,normal,low
10.0,64.70291234052976,0,0,166.1363607823951,normal,low
23.522246659302386,81.03466767499975,1,0,294.37734544317163,intrusion,medium
44.085621606652836,86.35593460920998,1,0,266.6844429402396,normal,low
18.465364067303025,33.06466357300003,1,0,250.70280416746743,intrusion,medium
22.032341447894147,43.372736662176735,1,0,193.8885913530497,intrusion,medium
11.589982995173504,58.0336319557267,0,0,220.83390964407334,normal,low
44.9793463952245,22.893226839025665,0,0,213.69437013028684,normal,low
31.856860371331912,56.6751208575383,0,0,183.3647004610991,normal,low
32.521628175634724,22.402626501509545,1,0,336.74573268426957,intrusion,medium
20.959901589590142,22.743633441543462,0,0,170.81830919900312,normal,low
28.520735212132724,77.31203761197501,0,0,193.93980762329002,normal,low
31.864356085477493,70.51044577358425,1,0,212.2383765419746,intrusion,medium
35.700029672119655,36.27210937820653,0,0,185.42967462434183,normal,low
51.693565130688135,58.59146749723169,0,0,257.3684008189106,overheating,medium
22.537830715321995,71.22807974310511,0,0,145.30739762571176,normal,low
25.78283583691283,34.46572827756669,1,0,173.90009417044365,intrusion,medium
38.236529148758436,52.93770480909866,0,1,233.23680214773069,normal,low
26.41826271803996,45.00279393095993,1,0,132.52746205231068,intrusion,medium
18.983796564808333,54.72221380584381,0,0,277.40990733392357,normal,low
31.59519803332654,52.01607448759612,0,1,177.03285638269392,normal,low
22.465735870926768,21.400699377832186,0,0,143.88424955360728,normal,low
30.45678126451714,24.427009366488495,1,0,214.47668958206222,intrusion,medium
37.699065211675475,57.67750241814746,0,0,136.6550747603023,normal,low
56.45074466988697,71.53012943773456,0,0,266.4218239188658,overheating,medium
31.43995858812877,59.14718637776836,1,0,148.54752318069046,intrusion,medium
37.80436138986067,58.559310630046845,1,0,166.56786803257856,normal,low
25.222221984518594,85.95511543656733,1,0,121.56707971106054,intrusion,medium
28.17637021190807,69.69908994698719,0,0,249.39060389852537,normal,low
44.43764040639987,20.435014311376445,0,0,259.4083358982171,normal,low
25.48652526344273,79.26154806500877,0,0,259.67393392335987,normal,low
30.86392671584483,46.876375368762794,0,0,260.4439786678166,normal,low
47.44365085402363,33.774255130743505,0,0,142.12051380576628,overheating,medium
46.65826520305316,81.63692302574817,0,1,256.12075250506393,overheating,medium
39.59208997679569,49.1763287945197,1,0,152.9113259366766,normal,low
29.32619091046016,77.34152554362907,0,0,313.48091891243087,normal,low
40.13337215622082,58.390208465787985,1,0,72.7212669101849,normal,low
46.32800638959983,40.03071629932215,1,0,190.41765113521623,overheating,medium
39.49072862473301,76.04996639819579,0,0,196.64340527658246,normal,low
14.211044012639471,64.4237525820545,1,0,112.37512872535099,intrusion,medium
43.02638289428806,55.1664794592101,0,0,205.13655358672972,normal,low
26.57875028404897,44.37491022456433,1,0,180.56058746937327,intrusion,medium
38.5997866198433,76.64629463994983,1,0,151.24245385441756,normal,low
18.100458902637556,60.496992466280176,0,1,110.41077290955964,normal,low
29.385792897743155,37.07806767887105,0,0,267.4726193240435,normal,low
21.084376527216115,56.35718736570494,0,0,276.1275089459411,normal,low
15.330624612738132,36.861543419905296,1,1,233.51501437174161,intrusion,medium
33.73606262262931,81.44587720908925,0,0,123.68127091948932,normal,low
39.517322009639734,75.1657108367618,0,0,344.9958688661851,normal,low
46.552747205241566,53.36921213979544,1,0,210.62586735673938,overheating,medium
40.250687744449976,62.41550829544109,1,0,219.70364603259762,normal,low
34.12636188862404,20.66025782732741,0,0,153.72889966081394,normal,low
54.060666407768615,54.9066414765987,0,0,137.21558338557597,overheating,medium
19.18596207006681,61.655631152124116,0,0,203.86963269968484,normal,low
44.03296952190187,43.02531498498551,0,0,194.25851903573584,normal,low
24.09235912717267,65.76444616999828,0,0,122.47416974003895,normal,low
24.520523320733652,87.79058820029441,0,0,192.44568603994495,normal,low
37.65112893927512,44.20034938878728,0,0,262.67964717095464,normal,low
21.566630100053427,76.76407885559055,0,0,141.6338275946011,normal,low
49.52195594222576,27.969970246849776,1,0,224.10214651899486,overheating,medium
38.491032676256836,29.905343522181255,0,0,144.44136263675327,normal,low
40.859988654325306,29.380943554507297,0,1,157.21918997055647,normal,low
10.0,55.64887993799347,0,0,175.99906782219944,normal,low
12.364089404467183,66.59710786218065,0,0,233.4708282699223,normal,low
24.556536577613176,41.30108907398946,0,0,198.97496229451835,normal,low
31.940922453988655,77.98999597345377,0,0,186.69033192556884,normal,low
36.76818716922548,46.39135031328661,0,0,137.2085823008429,normal,low
35.704008532886235,74.61820768924666,1,0,175.74930587158087,normal,low
16.922343583282682,82.58071944679571,0,0,213.74600861294383,normal,low
25.168454807677016,69.8834235789444,0,0,267.65635514729,normal,low
30.005951244681597,46.55999668505151,0,0,281.82808652701084,normal,low
12.324933527668222,32.23184955858614,0,0,181.88942702215957,normal,low
32.688747733626585,52.6534495411166,1,0,222.4579438860593,intrusion,medium
26.42494344452207,32.55774754866427,0,0,179.82251713947048,normal,low
30.903950791307327,76.16265011840244,0,1,119.478989151851,normal,low
41.6963234105665,22.82325742375653,0,1,210.00442036919236,normal,low
34.51770995371825,76.09951508566729,0,0,264.6884099273152,normal,low
33.77353247357005,67.76518404432707,1,0,140.87703136504766,intrusion,medium
53.85610535896259,59.84193228067565,1,0,184.11263307098616,overheating,medium
21.422668266088152,41.37718552734623,0,0,202.31774138401062,normal,low
27.76597649737932,24.975568998750454,1,0,183.11682319653144,intrusion,medium
37.44963919726605,45.801351628523015,0,0,197.3191455245571,normal,low
19.505329004216968,77.95554974039396,1,0,196.14683516878557,intrusion,medium
28.498886876429445,50.270936088047876,1,0,190.3700457980238,intrusion,medium
28.06353494227457,89.80915309229738,1,0,274.88517128740364,intrusion,medium
32.77873504314327,74.81502383525458,1,0,248.83504495333815,intrusion,medium
33.87424058232387,78.82032972248962,1,0,265.65582915796733,intrusion,medium
37.690889464063986,74.4961057155694,0,0,238.77780536673242,normal,low
24.093201159942108,65.42357956007811,0,0,296.65127057441043,normal,low
35.63376722740503,43.76535155134235,0,0,220.25806253593353,normal,low
19.103609448005503,65.1069602875285,0,0,154.0163152731904,normal,low
40.02056567055973,72.92721675674349,0,0,249.18862500122214,normal,low
19.885203449120016,35.73703560028622,0,1,178.17546431849237,normal,low
28.963625784175925,64.44255417764327,1,0,238.41772456316963,intrusion,medium
32.52592181097159,82.89878727566922,0,0,214.3593280801139,normal,low
26.599874133579434,38.5474746128436,0,0,286.3850175226093,normal,low
26.695888133344322,35.919370318777936,0,0,162.97455931166337,normal,low
35.864877419606486,75.35661394479214,1,0,141.65721230027478,normal,low
38.331978544771,68.63134661944116,0,0,203.64187509395933,normal,low
45.87593364191376,37.88146923576784,1,0,260.4384674750944,overheating,medium
34.56558639123332,52.68599136279356,0,0,202.19182710191342,normal,low
40.25293636874174,72.6308383956223,1,0,153.09329067007965,normal,low
36.67812506286457,40.619586275985796,0,0,167.05555801805565,normal,low
45.14034490298315,87.10957263708644,0,0,122.18986686816805,overheating,medium
15.975374391425849,56.718823137069904,0,0,50.0,normal,low
16.23293394817182,79.07441286434162,0,0,201.49482985287327,normal,low
24.96853615339504,56.63576340788157,0,1,201.3109800834112,normal,low
29.592884252332617,72.18407141459743,0,0,195.96555553054273,normal,low
25.080173347787344,23.211934810539447,0,1,207.0349826079749,normal,low
64.29478361235485,83.6985722054815,0,0,258.8865170229158,overheating,medium
20.13599243397499,80.11689702295352,1,0,270.6218750592236,intrusion,medium
44.728165967052405,40.7408816806912,0,0,192.49546916580195,normal,low
36.41988248198654,68.19113190048385,0,0,204.38211677945662,normal,low
48.72163261186789,25.287815182880635,0,0,302.79388947383603,overheating,medium
27.259861777946558,59.26351263554293,0,1,230.63401808818205,normal,low
58.67420810732611,77.45154793314359,0,0,143.6446060445362,overheating,medium
17.987175108653716,70.24751125340427,0,0,223.52619491298586,normal,low
49.434900272796156,89.48088988703984,1,0,143.4686938405082,overheating,medium
37.448482752551016,35.12764094472956,0,0,232.3101321674833,normal,low
16.77439729376136,71.83346133544363,1,0,154.3761196988247,intrusion,medium
39.68892889931432,50.032618634540086,0,0,126.22416599396496,normal,low
32.715695308550174,23.962381276739162,1,0,230.96299726110527,intrusion,medium
25.260848335412756,76.69038259814457,0,0,306.9321031552113,normal,low
35.62556282786086,31.805253571424025,0,0,194.0397876315031,normal,low
21.969659663166013,27.69252656197,0,0,175.99093581349302,normal,low
25.470291236382195,67.92467524864657,0,0,184.30469736574577,normal,low
29.412097938971833,88.41861550578055,0,0,229.24335186194645,normal,low
36.850504265760385,58.55142175019818,0,0,164.2903052573935,normal,low
26.43782496243883,53.78383667095129,1,0,183.9745810601468,intrusion,medium
17.896860944414108,32.86964323184559,0,0,252.1597810377503,normal,low
24.768512523009193,53.942716443746995,0,0,262.9591094496784,normal,low
30.26474192523936,62.374520823872906,0,1,239.19743613964752,normal,low
36.49646147942016,35.99496434958214,0,0,221.86326535907415,normal,low
30.375800852627094,81.34102211429055,1,0,199.78547468795904,intrusion,medium
23.76375042818356,86.07012393614197,0,0,222.51984915663908,normal,low
29.823308354048883,29.321624460917885,0,0,217.76120665458015,normal,low
40.43857264070127,28.988456924826945,1,0,155.50982400050984,normal,low
54.45797185668013,75.38884514181903,1,0,302.3928489357236,overheating,medium
10.0,24.319824431456116,0,0,232.3698472794421,normal,low
27.60912584646834,69.58487325653844,0,0,178.55128528215775,normal,low
11.313165135205072,54.38402066139324,0,0,239.22269491219012,normal,low
23.436664154160564,31.125187869161604,0,0,182.263367130579,normal,low
34.252975211764195,44.92217589390697,0,0,195.18249182610785,normal,low
29.945080074874134,33.76819298399106,1,0,191.51113935015945,intrusion,medium
32.2374252172463,39.818501369188304,0,0,227.54255387345623,normal,low
11.530100405994965,61.3840157327558,0,0,179.34736387178447,normal,low
33.01373898979812,58.469106457087136,0,0,225.35329167711026,normal,low
15.448095855197653,77.02695573932024,1,0,183.0756902873047,intrusion,medium
13.144185076313892,39.0380110907013,0,0,173.15866713270427,normal,low
43.18908672821303,38.52766018527103,0,0,157.48923452876028,normal,low
25.84892514173157,89.27049544218761,1,0,129.9207776399009,intrusion,medium
36.001669263894065,47.993924966745396,0,0,207.86502731582183,normal,low
16.253319725220695,83.24661201071183,0,0,214.69383382545544,normal,low
33.84603563097957,69.4081905242946,0,0,307.97642522600603,normal,low
23.212784250024548,51.925780769742296,1,0,213.8681842326785,intrusion,medium
29.7501134669813,71.37282966286949,0,0,194.33481408497738,normal,low
33.984303864962826,26.718913771633197,0,0,246.59683868655287,normal,low
32.122075480536154,64.25898932532041,1,0,239.07510612277628,intrusion,medium
54.18869700957031,79.87124851721828,0,0,231.92137066079582,overheating,medium
19.063745798890483,37.2121666687063,0,0,152.53232988385994,normal,low
16.95368021375628,88.632144519622,1,0,116.76202822518206,intrusion,medium
30.74664058482082,69.31995999922114,1,0,258.05977840994416,intrusion,medium
41.281798532035815,21.180755506474455,0,1,267.4786377600956,normal,low
28.526874803427116,56.81275584325701,1,0,171.66065026199084,intrusion,medium
46.04404587059565,30.094411454234503,0,0,242.43489369552123,overheating,medium
33.64499004663928,88.42245082329612,0,0,307.9322533465057,normal,low
20.33023194124256,22.893852130863188,1,0,247.39585233401593,intrusion,medium
10.167873285923747,32.3083965480038,0,0,189.56848511398846,normal,low
30.397201825370175,72.07668253350114,0,1,303.20012570703466,normal,low
48.3743146885848,66.16223261725378,0,0,207.72003332503593,overheating,medium
57.86357206489451,28.944698313368683,0,0,133.621780072028,overheating,medium
21.55236478251244,53.075715443745416,0,0,220.2126274661486,normal,low
36.18081541334164,28.048033201453276,0,0,212.77808935849183,normal,low
37.8548207316134,59.042577005981606,0,1,193.00687537340113,normal,low
34.29291549506815,71.2171096804621,0,0,196.530525550218,normal,low
37.80732508242194,79.99977689743265,0,0,237.13137652723273,normal,low
28.797018394652664,27.734875130772927,1,0,170.44863777789752,intrusion,medium
38.7898797380623,41.240476919977404,0,0,220.26585185690274,normal,low
24.023781430984226,26.94914503346045,0,1,185.75454721317186,normal,low
38.96409786613734,60.72660475943019,0,0,209.31140612392318,normal,low
47.80814419972121,37.1165142748782,0,0,157.2074080328013,overheating,medium
30.67780619911858,45.87508356283999,0,0,165.459665494455,normal,low
33.272070147067076,82.51200233559452,0,0,65.70787835902581,normal,low
28.322641373904542,76.17393107211994,0,0,206.27248874575923,normal,low
52.625594932894984,28.16159936402014,0,0,160.31585392150072,overheating,medium
15.680217821195031,27.193360848141385,1,0,295.0270948101871,intrusion,medium
26.634771104827514,67.26013173146131,0,0,267.6212071211744,normal,low
25.661528519195762,67.26199462999436,0,0,325.7442542964077,normal,low
41.34065106637474,29.242751535621917,1,0,318.2931485176865,normal,low
32.12284859893685,83.51742268679132,0,1,286.0286078361591,normal,low
25.35814104968004,41.81235289237405,0,0,193.43587596957806,normal,low
39.726332091145466,35.316534976609994,0,0,165.01843791217465,normal,low
24.575556414587524,34.11697844675323,0,0,231.45000302375612,normal,low
20.70869265797679,45.20386547377791,0,0,266.54542945078566,normal,low
43.5116759480454,33.840245799252536,0,0,268.00391451801914,normal,low
25.49422853712306,65.03475154279197,1,0,206.31757793499696,intrusion,medium
14.891340398537132,79.79018785727226,1,0,164.74399260823407,intrusion,medium
38.091001581005806,36.323243166183886,1,0,257.2323135857917,normal,low
30.36606368926462,80.22781215233056,1,0,176.3255381284332,intrusion,medium
16.936055757765292,75.37521577748612,1,0,251.3064598343035,intrusion,medium
47.976456920178975,21.654740176691977,1,0,101.22737217134528,overheating,medium
13.372659263628528,44.47725704770431,1,0,190.8652602765786,intrusion,medium
22.44030869409128,82.53635928213512,0,0,256.62217862425695,normal,low
36.10962894262716,54.15249932576683,0,0,216.22497892339476,normal,low
37.32349382288011,36.32489194308817,0,1,175.6179788551116,normal,low
12.037092164486392,47.91270272646291,1,0,121.58767297533115,intrusion,medium
36.88214023867651,24.955701002570553,1,0,130.12399548768792,normal,low
24.176497988072114,86.41140426520572,1,0,168.17733768185605,intrusion,medium
45.90881249233344,22.173611183337,0,0,277.96192104090716,overheating,medium
19.49602906591938,89.49717901362501,0,1,231.96080977077048,normal,low
32.96763365207472,78.91464880594323,0,1,170.30687801413302,normal,low
32.17093567244692,63.81362724991259,0,0,200.19988080982586,normal,low
26.710656929153483,68.97850381732371,1,0,290.398540988877,intrusion,medium
47.01155515687304,20.019988788565072,0,0,230.44032093770102,overheating,medium
35.78255551749287,62.0170331304134,0,0,235.59036676088778,normal,low
18.54384308136474,26.44356954194636,0,0,265.4993379761907,normal,low
38.95371155385596,45.55402601149137,0,0,277.3494763462302,normal,low
45.733064973035795,62.91085030694213,0,0,215.13009328962056,overheating,medium
33.25236239929366,71.85236441664725,0,0,216.96685683768777,normal,low
23.033024338722626,20.73147644411307,0,0,209.09865621617092,normal,low
23.766474265820584,33.55274119777653,1,1,212.37528055067992,intrusion,medium
51.54512798601435,62.068356341466156,0,0,220.69519299440938,overheating,medium
50.677130378282044,67.78360860383808,1,1,188.1214365777687,overheating,medium
35.48332744675455,22.64535275681684,0,0,244.96589578883197,normal,low
19.754744530826137,42.29550531483055,1,0,166.8841873050472,intrusion,medium
30.720151803125198,69.40040238837236,0,0,165.3670086777421,normal,low
32.42686335441084,84.66479973075707,0,0,203.9439191030419,normal,low
43.646125412013916,60.67099998672733,0,0,152.88270609379987,normal,low
39.62932675747763,20.11922458739736,0,0,197.78295874226046,normal,low
21.561121526067424,87.84554751563213,0,0,187.11847591957329,normal,low
38.964039881439184,64.09759035305922,1,0,225.61720634573422,normal,low
32.08204862566103,50.756695929512766,0,0,320.407828159441,normal,low
20.641128950438805,56.96473778687931,0,0,168.61388034691964,normal,low
31.980036674199923,53.02614750638301,0,1,223.4557636075338,normal,low
42.1187611488269,55.57243523701667,0,0,270.51667046330897,normal,low
33.31981852203174,79.3558003182008,0,0,155.2474884852778,normal,low
14.806574744020155,66.30031504004828,0,0,131.1230877556178,normal,low
37.10172488848794,58.2803864576893,0,0,166.38338897059526,normal,low
58.62351631107749,31.875960351673058,0,0,309.98825034664293,overheating,medium
40.69539271420565,24.917652548515512,1,0,50.0,normal,low
16.01375150238934,89.71232748259109,0,0,221.48799184103694,normal,low
23.611011683273375,30.91114808519007,0,0,240.4904485352481,normal,low
45.80467446518981,87.20277066753941,0,0,252.22004383630187,overheating,medium
36.0054398429099,76.82340740022505,0,0,241.43754820082006,normal,low
34.340318011707964,59.025161386425296,1,0,196.87128184835564,intrusion,medium
22.601045059081052,68.98898311907364,0,0,187.99911199519957,normal,low
21.954823742880997,27.839627837490767,1,0,201.38756689520702,intrusion,medium
31.26879567500194,52.781653163588544,0,0,220.82353451588048,normal,low
35.10588727188457,82.5217361652156,0,0,139.65039987241215,normal,low
30.686514656092644,43.75171988262125,0,0,125.6545247712878,normal,low
23.441008079861646,74.48970941910386,1,0,242.65660456980643,intrusion,medium
27.92843725108049,69.62813418780789,0,0,248.30676435616755,normal,low
18.285786424007316,83.66553155458213,0,0,260.17149954793285,normal,low
34.55209663533217,84.90568995141503,0,0,230.1216422004076,normal,low
41.58419832320819,49.32908239334054,0,0,162.12318905411973,normal,low
38.023189518032986,34.961850498587665,0,0,228.02848482849927,normal,low
26.59588739927138,59.03337480248737,0,0,93.78704346907823,normal,low
25.443306995960853,67.86509413976997,1,0,215.6000314062356,intrusion,medium
38.907603788029334,64.35800839616113,0,1,199.68451043955199,normal,low
32.01844766449214,63.27244740221835,0,0,152.25190463998592,normal,low
10.0,23.461293128786288,0,1,214.31756572245078,normal,low
24.23713119952621,85.56447577773149,1,0,210.16093558378788,intrusion,medium
30.02544412134242,24.905653446055187,0,0,240.35384919584945,normal,low
28.971652040932486,64.91572278539186,1,0,141.15416921151083,intrusion,medium
23.561383849277846,66.95429689488282,1,1,190.63163333822027,intrusion,medium
31.53523111980016,39.37366805999555,1,1,156.77212875396646,intrusion,medium
32.823667671244216,78.65378367520903,0,0,274.8907263650361,normal,low
20.526208063076307,23.57927753748564,0,0,209.55821769878395,normal,low
53.13176427518336,58.34689420887658,1,0,252.75449288867597,overheating,medium
38.120143320982564,79.91578315669332,0,0,114.11510214567605,normal,low
42.244844279577336,52.9857557557737,1,0,254.17435019168008,normal,low
17.071053440172914,65.92275609868027,0,0,197.28692936220625,normal,low
13.351089589530226,88.87660754171793,0,0,132.04101285479388,normal,low
16.984346684223596,57.28983408146202,0,0,192.07000500675497,normal,low
31.564219999703475,25.78710830497998,0,0,168.06361905345145,normal,low
47.06052205091751,60.55009334772456,0,0,206.54746766726984,overheating,medium
49.79774615581064,72.20358524721479,1,0,78.8556332834452,overheating,medium
30.178988056778596,89.99560310555256,0,0,190.3183716621923,normal,low
21.489316064711034,85.06850485067821,0,0,130.32212909708164,normal,low
29.510175892524387,73.19115535302856,0,1,176.5074757034587,normal,low
38.88877590074197,64.42338298516991,0,1,239.83393163213753,normal,low
35.25436476777607,82.92385003530426,1,1,229.00818881208838,normal,low
21.640464777311763,59.78591415909397,1,0,205.58707581445663,intrusion,medium
30.09427450208965,31.744162274751865,0,0,167.96310831222428,normal,low
21.830688049934146,23.45952881801131,0,0,226.13582122895087,normal,low
38.28670996325128,33.92105009121316,0,0,188.47306191548287,normal,low
42.935098934082454,45.70911988089816,0,0,258.2956593278816,normal,low
39.509211218854375,21.232372075315958,0,0,215.99058789778604,normal,low
23.759619759147874,28.82847161085035,0,0,196.9627866555584,normal,low
45.043062720340515,69.02115737863357,0,0,232.27585463673802,overheating,medium
39.95398943305538,23.59499025377952,0,1,236.200662979406,normal,low
10.907024495368212,53.00411228620656,0,0,287.64749598540914,normal,low
25.478509468238897,65.89359017847086,0,0,224.33269961101402,normal,low
13.466320071365864,40.34723957488282,0,0,225.92735227726612,normal,low
24.269006294847777,82.096253059893,0,0,219.88623555087747,normal,low
34.00822792169237,54.301996290388026,0,0,159.96595900976442,normal,low
36.739196490132244,41.82131881887146,1,0,146.62921126397475,normal,low
42.466404550601645,31.97413896315638,0,0,274.3470608128225,normal,low
15.358797445835837,57.81839268284458,0,0,197.01135922942638,normal,low
24.518247281265253,84.83273986715807,1,0,179.24484571922395,intrusion,medium
35.10174006276079,61.84919677113419,0,0,148.31047139288458,normal,low
32.850249185440646,47.70380246140056,0,1,173.648656019962,normal,low
45.59275948988532,43.26375080399548,0,0,235.17580784557958,overheating,medium
36.403658512969145,55.33590551158975,1,0,223.53278724348155,normal,low
17.297558464646087,35.769691927992895,0,0,184.78129296418925,normal,low
38.21457118836386,68.79222304749379,0,0,192.9319327030413,normal,low
22.554005723892352,74.53007851586341,0,1,169.92680195663112,normal,low
43.349889689162865,66.8338417707408,0,0,175.75131664727297,normal,low
36.218706219411125,73.38855585498195,1,0,180.71213316601256,normal,low
37.23374052324507,22.487811081888694,0,0,240.47500810559328,normal,low
38.56486892080253,49.98598050656379,0,0,274.1208148224708,normal,low
38.575970075218535,36.72920824633094,0,0,162.1285362105307,normal,low
15.143809246467917,57.55597870941038,1,1,214.67101119997074,intrusion,medium
24.96877812299386,54.69010199504706,0,1,140.70923416875098,normal,low
34.13478949647222,80.60111719760455,0,0,210.7284412240745,normal,low
41.10462486897478,28.439691185251306,0,0,233.88024335397486,normal,low
31.28270928061812,28.122467182273144,0,1,266.7640916779226,normal,low
19.640246498443783,24.514319780853416,0,0,80.75559010894035,normal,low
24.553037165436706,82.33093201132687,0,0,198.5287671751952,normal,low
40.532482752359016,59.85089706981916,0,0,191.92077178934707,normal,low
43.231595932989165,28.330346512915067,1,0,205.6765340183528,normal,low
20.476077279217094,32.406253482797894,0,1,122.92908685446727,normal,low
13.77567080505277,65.8340202466134,0,0,226.0137022020445,normal,low
25.709589885245848,86.44955907734331,1,0,188.66058255682873,intrusion,medium
45.43470806757425,89.91344330942412,0,0,163.04447662908228,overheating,medium
19.791048506656804,81.77834159237851,0,0,240.17218601438105,normal,low
30.35762663655303,36.190251267587605,0,0,220.888843256827,normal,low
25.200562731953365,34.41744426544022,0,1,233.99722323717816,normal,low
30.19426065075468,40.46090338903611,0,0,292.125022362794,normal,low
30.89676449096144,20.6382197758218,1,0,155.97380187299623,intrusion,medium
33.977166775541974,29.821266805046548,0,1,250.28609310582308,normal,low
37.16824644714414,57.00503701412866,0,0,198.43323446033187,normal,low
20.374710810637588,32.888718618608024,1,0,153.08055133483077,intrusion,medium
32.9953368706494,24.375418703682843,0,0,250.65848748401928,normal,low
30.620110521457583,53.10213401674639,0,0,191.08017596244835,normal,low
43.283406366932326,61.42099364846103,0,0,278.6265021726645,normal,low
18.752288138157578,62.393497119826115,1,0,194.87778287499742,intrusion,medium
21.19181694047799,61.72547290942844,1,1,126.10845019183246,intrusion,medium
20.491457960629816,67.04820689992911,0,0,177.6877763377629,normal,low
28.59472016521663,57.73175671103889,1,0,183.32696658722725,intrusion,medium
34.507623653447894,22.571964647484588,1,0,179.85032324069232,intrusion,medium
32.27964543967292,80.18623411125489,1,0,165.39739537691952,intrusion,medium
10.810689336745625,75.13384306779017,0,0,214.8208105951331,normal,low
40.79753777293615,46.255275412603794,0,0,191.071138385787,normal,low
44.36054656924374,36.52393450018843,0,0,207.7317164239876,normal,low
10.0,42.608974457111614,0,0,244.40771821997214,normal,low
24.77717841207796,85.64886377577344,0,1,223.58041001656937,normal,low
22.05453277483697,79.2507889642493,0,0,78.52417866357906,normal,low
38.68892964936266,45.28519795230997,1,0,184.01463687715122,normal,low
20.30267302439904,81.09490768642878,0,1,256.97075644347166,normal,low
35.079040375253484,64.32226358446577,0,0,197.39609166702138,normal,low
45.91354716570186,58.368420999375,0,0,297.0717638971648,overheating,medium
29.053681405102072,64.83190595487605,0,0,163.23641521567913,normal,low
24.685167910720665,33.364350947574486,0,0,231.68355034302272,normal,low
14.182629851592344,38.38974739404598,0,0,147.42679301700812,normal,low
20.503890759767188,87.8927934074282,0,0,128.9715357780733,normal,low
22.677852408778065,83.94304680900234,1,0,211.64109868912178,intrusion,medium
22.48305722399654,65.79855821708533,1,0,254.7625768424203,intrusion,medium
27.842456710544983,51.61080691105027,1,0,121.92343420885176,intrusion,medium
31.207069229359764,55.243676692273404,0,0,265.84466321316467,normal,low
34.48628507985264,34.10652587342561,0,0,241.56252082487572,normal,low
23.299757632871106,63.93843462293391,0,0,158.57997884408272,normal,low
25.82179267674347,86.24464320235685,0,0,218.3981198222901,normal,low
24.760419632072526,56.32742855382941,0,0,239.38826020039775,normal,low
25.01853285107876,21.56041716295221,0,0,221.23616239779585,normal,low
38.76089279001798,76.19558667246397,1,0,137.191928870387,normal,low
10.0,80.80636905423334,0,1,182.43577426079608,normal,low
26.236451861427277,36.737077418142476,0,0,264.0816200989449,normal,low
31.549744085354686,45.70787350704147,0,0,192.9443224539335,normal,low
41.944832347473806,27.37697798946079,0,0,153.51798665821613,normal,low
27.66523689274992,79.19120967731297,0,1,250.30229534055323,normal,low
16.855983824236425,31.40558984723482,1,0,220.456077962035,intrusion,medium
31.442392572490355,46.606164647664684,0,0,200.2839403052839,normal,low
26.52442993404312,77.2168732045451,0,0,174.73703239435483,normal,low
23.292832713995477,53.30060943764376,0,0,208.00348986783135,normal,low
36.489010524926236,37.01097155730068,1,0,178.0318986030831,normal,low
21.035004254759723,77.69799075302346,0,0,228.1344120797036,normal,low
19.268590963097814,66.20252559280638,0,1,245.49238448089045,normal,low
37.62859015727497,78.45097937050666,0,0,259.66744513729594,normal,low
32.43298322367555,29.192800940312264,1,0,198.28092148829828,intrusion,medium
14.640102318317423,62.27370485159532,1,0,230.5685732194597,intrusion,medium
37.30124761174714,27.284854689412455,0,0,190.78724483386247,normal,low
30.35347907063628,56.14592117762432,1,1,271.7339588360048,intrusion,medium
24.9614377327419,45.89378071612431,0,0,179.6782615520569,normal,low
35.37973134009465,65.45849586098433,0,0,240.20637302612522,normal,low
36.38490122748319,70.55228578948366,0,0,200.04212024804002,normal,low
32.54400235999288,68.65225070271603,0,0,246.34679926225968,normal,low
26.994523301136308,54.225554489056535,0,0,128.9235477974964,normal,low
28.223408123702992,37.240301679985365,0,0,203.5456090907409,normal,low
38.658854347328834,88.18007381437184,0,0,220.16610217851613,normal,low
35.97590485186112,47.64616777240434,0,0,232.53162845783675,normal,low
20.031921500826037,28.794140533333888,0,0,146.646376053988,normal,low
25.47943579001064,68.02312116543446,1,0,126.09074170625023,intrusion,medium
29.00734883742432,82.24009917689065,0,0,264.5631473112428,normal,low
13.961567154225435,53.586776763047425,0,0,213.6552628021715,normal,low
36.00746727470468,73.83063204232526,1,0,122.92733799866039,normal,low
13.901322688867136,68.41372223286453,0,0,237.5877763854833,normal,low
23.081093417803597,66.3216514914803,1,0,227.07584211585578,intrusion,medium
34.9852633281307,82.22759759048125,0,0,251.89729178793843,normal,low
19.450143881730536,38.354024883018425,1,0,143.60008463388672,intrusion,medium
17.38872763058286,20.515801258895213,0,0,189.49004639531856,normal,low
29.429287851186,23.77630051174793,0,0,233.07070490130758,normal,low
13.133477775604863,79.476585207521,0,0,200.952775866616,normal,low
23.41936638157218,89.34043870444725,0,0,172.50667642159056,normal,low
25.23295491566567,34.16104351493343,1,0,226.68573776402167,intrusion,medium
23.92523194636741,26.445342591704627,0,0,199.17221170389433,normal,low
25.889594361052893,79.25195052867304,0,1,180.82525719061394,normal,low
45.86984804064762,46.25023018199035,0,0,243.27736614423185,overheating,medium
33.01114997051537,78.28775768289265,0,0,203.44494429606206,normal,low
30.587367456593025,35.57479081687562,0,0,172.2279144212354,normal,low
27.185772880342572,48.84649896912603,0,0,127.29801490238306,normal,low
31.965300944528032,51.41109304024095,0,1,265.2979787679006,normal,low
23.937231121206537,21.650066535426777,0,0,148.09551661237572,normal,low
42.60433047823373,89.73407382958119,0,0,322.47204067302715,normal,low
20.96708207266455,64.79012865290412,1,0,274.5739242289219,intrusion,medium
35.88933490953788,43.888232462177285,1,0,268.58212074848393,normal,low
36.18631611068208,44.35261939793569,1,0,127.38742728213202,normal,low
30.462781397958054,75.24683403931868,1,0,162.3086026424938,intrusion,medium
39.410353659852674,83.67706658733809,1,0,113.64145975006942,normal,low
25.163552317999994,59.40008441299401,0,1,206.3608970073096,normal,low
48.874843854440094,33.31412313483921,0,0,181.37221210803028,overheating,medium
12.277253746224982,63.046999703077184,0,0,277.655155808682,normal,low
10.181038453226833,54.45207314981883,1,0,293.27935719698985,intrusion,medium
48.9557909509278,83.1667631935218,1,0,248.73238624723146,overheating,medium
28.904045418645662,49.719601334693195,1,0,165.57541768816185,intrusion,medium
11.285376105838825,55.71314147407367,0,0,261.4446718663691,normal,low
28.02427061722146,32.94234177083055,0,0,129.25494248209566,normal,low
24.276437403222637,42.046515076255304,0,0,147.38648688959816,normal,low
18.22434906492176,75.56895406036594,0,0,71.11170806062634,normal,low
36.97026908868085,62.33438523802577,0,0,218.0133837003075,normal,low
30.853023360084073,53.34188149683032,0,0,239.73041608108161,normal,low
40.34161815627198,49.68770389530248,1,0,227.3296437122265,normal,low
10.0,83.17736234956556,0,0,190.68839496995554,normal,low
29.212738814268107,33.94122397500373,1,0,196.43834228443728,intrusion,medium
20.041162530750487,54.438723976684386,1,1,219.709997974239,intrusion,medium
30.151010426886288,34.92030867283812,1,0,124.56770115454067,intrusion,medium
10.0,60.91195000623995,1,0,193.54784337842247,intrusion,medium
29.28598502244291,44.442080580538594,0,0,163.81943020462762,normal,low
24.397030410409894,67.69442088219454,1,0,225.83177637332446,intrusion,medium
31.387557531515025,31.27923381255847,0,1,196.04755082799426,normal,low
39.45249904332297,79.02623405829036,0,0,273.1145147454805,normal,low
12.033821780135405,25.727209709523695,0,0,178.8239767026252,normal,low
37.785732041368405,47.447988404091404,1,0,202.86254075048438,normal,low
36.06882001109905,68.5404562482076,0,0,203.72517883272462,normal,low
23.052533199647833,52.96404723209584,0,0,174.30701456129336,normal,low
33.8025194558421,88.241743155907,1,0,194.61829370660612,intrusion,medium
29.088032691197494,35.58776657427096,1,1,126.4734927056223,intrusion,medium
22.367362123301326,29.146056922075346,0,0,113.28707251576238,normal,low
46.91691159263312,80.46771433182818,0,0,83.10429843989111,overheating,medium
46.843797990638876,36.915909761934316,1,0,223.66896692286795,overheating,medium
33.55302113449512,62.08683285149775,0,0,144.78045573869878,normal,low
16.474141467943042,88.38899598714421,0,0,263.45157517816506,normal,low
35.944723582561814,27.008010545171352,0,0,218.16333780897696,normal,low
18.355983670073332,55.914930662809354,0,1,261.9777084843406,normal,low
24.747305826530578,38.770175535722245,0,0,164.8143053509154,normal,low
22.663809647331114,63.703639459986945,1,0,145.79998029331915,intrusion,medium
11.557011510395117,53.540846963440245,1,0,232.14961161793673,intrusion,medium
29.538905063161582,45.65039372671325,0,0,330.0999339895306,normal,low
48.74350575235367,35.89729761953408,1,0,221.7835532303492,overheating,medium
27.701554767620166,48.70509245052778,0,0,256.09377841587855,normal,low
26.817767232481753,42.34729326288172,0,0,175.32129087086494,normal,low
13.708027856958832,27.28195883348547,1,0,190.88090860922338,intrusion,medium
43.01059652282236,75.55222084193893,1,0,217.43691433329568,normal,low
39.335885327146904,34.01995043111076,0,0,170.99029068560392,normal,low
37.52765935311281,77.23408602887156,1,0,249.64504242473916,normal,low
39.75788967853458,79.07643912549483,0,0,236.7899406941878,normal,low
40.40324365577918,35.211740482941195,0,0,239.75882484872875,normal,low
36.893310885470484,40.83799635240672,1,0,165.48913852380832,normal,low
23.736423166358797,88.25041691195266,0,0,287.75352990212895,normal,low
10.0,20.601607992990456,1,0,128.1453101698758,intrusion,medium
26.695063559734766,74.69799827953938,1,0,134.77008936083615,intrusion,medium
32.41993889630077,85.92192589302168,1,0,135.06635380206205,intrusion,medium
36.37605777578474,56.82197633540673,0,0,230.2764482318739,normal,low
37.14063722060375,51.466464867605026,1,0,198.41425918954184,normal,low
19.262390618361408,68.88256725890656,0,1,184.70190158923424,normal,low
43.48392730985023,36.16994756392319,0,0,152.58706615876173,normal,low
15.953901982548203,69.16191049296512,1,0,191.90192160960183,intrusion,medium
37.80618039846592,29.921520198352844,0,0,102.05069303017332,normal,low
53.862411961908734,53.61534139133887,0,0,209.59003321298923,overheating,medium
10.944824478320939,56.85069652352406,0,0,230.77912856561818,normal,low
40.63048600091909,89.04506067278136,1,0,204.74704347987978,normal,low
33.378286174106606,58.78269860366403,0,0,207.33907305047418,normal,low
22.414598022023302,27.075180679210924,0,0,209.04659894844596,normal,low
31.47722039551976,23.52822821053894,0,0,213.55087898643063,normal,low
46.31048222464533,38.42870573377877,0,0,217.6770241666996,overheating,medium
25.816396066948034,32.03919105035969,1,0,221.08701889938564,intrusion,medium
32.206832551195,25.69550811911492,0,0,171.28997656257422,normal,low
36.71522906618503,31.2475229403731,0,0,121.87489410110955,normal,low
24.588291118480768,77.61167952223803,0,0,269.0788932248746,normal,low
43.19360999674976,24.32645596007281,0,0,119.3279224099754,normal,low
35.27861602547161,78.51090037928566,0,1,277.5755628658983,normal,low
23.661372394380816,75.90463299331464,1,0,166.58363968771081,intrusion,medium
37.02398522766344,57.63355860030403,0,0,269.8826346273624,normal,low
29.307980918713323,60.72981547163732,0,0,102.00208581642258,normal,low
31.08445739985714,87.71938439865677,1,0,217.03160760095864,intrusion,medium
37.40818430700142,64.30887809086965,1,0,159.04012411123875,normal,low
28.2488402824797,59.79081763612075,0,0,217.25926954114755,normal,low
35.44799371696109,41.912172897100966,1,0,180.59228037805843,normal,low
30.86689301257112,28.55391178818894,0,1,162.20401642891952,normal,low
23.871312459711326,70.12914772832613,0,0,230.9916880320512,normal,low
19.689086990567425,46.33990690787324,0,0,216.07494076085968,normal,low
34.25098950727398,30.402632309797664,0,0,204.40144795462376,normal,low
26.634103446006478,61.53621784811228,0,0,255.93242134798282,normal,low
28.261288823232906,28.28369535045974,0,0,70.17633587582202,normal,low
26.85394741005246,54.60751166922186,0,0,201.24440745473734,normal,low
32.70177198029764,65.8811758880113,0,0,246.3112889438359,normal,low
15.889592089988913,59.21235265605922,1,0,260.68361525248673,intrusion,medium
10.0,75.11149731220735,1,0,115.3456992510134,intrusion,medium
30.08142859839108,33.07508134524446,0,1,241.76200250739942,normal,low
22.01149739502224,20.01582289914066,0,0,175.21450586885743,normal,low
29.452053515995843,53.06577272425163,0,0,330.760153188632,normal,low
27.08962721059858,31.036517788080094,0,0,206.99397323413277,normal,low
21.722318360465984,69.15048923634143,0,0,161.27522776889623,normal,low
39.57110853931976,61.197736263854864,0,0,109.02273846279402,normal,low
34.306622849498744,55.80796365456823,0,0,185.8289101258234,normal,low
29.18577841137852,26.342899252792062,0,0,270.9264017836724,normal,low
30.06764972670491,23.001735183180983,0,0,246.8718303402257,normal,low
19.427351330754924,86.88645123716272,0,0,220.5459420921492,normal,low
20.857440564625197,62.85155774238466,0,0,164.89324448807974,normal,low
41.261599418463234,81.30146190123797,0,0,241.71639384124342,normal,low
35.8569810357423,78.29255261818408,0,0,209.08465571872907,normal,low
23.406347971070325,24.535100598285993,1,0,214.48596016580458,intrusion,medium
37.00005070252624,53.84094157462447,0,1,266.4031312271467,normal,low
41.35969252793295,22.769274721271756,0,0,167.2703336417152,normal,low
21.487110300886215,88.54205338227212,0,0,242.57416658375718,normal,low
30.265157565051354,55.53439107698034,1,0,230.80979243193906,intrusion,medium
28.352731934853352,81.27717711404371,0,0,202.26500805089407,normal,low
33.516069959265245,61.31196533832866,0,0,231.16351201841138,normal,low
41.352908854559985,74.20789359251864,1,0,194.91264950222254,normal,low
29.586154743327064,30.56096778888299,1,0,143.0951043033272,intrusion,medium
33.178406139623206,75.74868993370085,1,0,129.280014777306,intrusion,medium
10.0,30.123394302546366,0,0,284.8209139115082,normal,low
36.47778827239112,40.187835914024234,0,0,315.79975124326234,normal,low
26.286839589806217,30.74269819160048,1,0,114.44383049928521,intrusion,medium
23.38017262915112,37.82399571584109,1,0,191.0116503690536,intrusion,medium
19.52571089401079,60.0382317261284,1,0,149.6743469938715,intrusion,medium
41.97673844942395,79.21192349105846,0,0,140.40600017120062,normal,low
14.825764672914234,80.31103807544997,0,0,209.554004625171,normal,low
28.08066093090572,82.2006445672414,0,0,211.76596178266198,normal,low
26.63120992655647,52.72747068611996,0,0,176.89893961562996,normal,low
39.55156126066109,35.1471563021653,0,0,171.50254428526404,normal,low
26.145240101548787,69.82360182972147,0,0,254.78530964627672,normal,low
18.54829903402394,77.66763174135833,1,1,188.55639602827614,intrusion,medium
18.097836611791017,48.25601331301837,0,0,243.69243730257244,normal,low
16.167457654817778,42.81855609371399,1,1,234.77765283304007,intrusion,medium
37.070229237165954,87.04029814026981,0,0,167.87756844185023,normal,low
28.118778383851463,81.88893501024373,0,0,252.45578045232963,normal,low
14.811609423306573,50.23245824678352,0,1,200.56527696420105,normal,low
33.14195067041418,25.467709266256968,0,0,232.48689873827357,normal,low
36.687462827894265,69.49594155734127,1,0,167.0056717146755,normal,low
44.45446085041766,71.54064485127594,0,0,265.67218172444996,normal,low
36.919591450172916,23.241640818405557,0,0,181.26335797833693,normal,low
41.24948988286059,22.261907587252963,0,0,267.88340755780075,normal,low
34.093930724100645,33.33827980828861,1,0,404.5768703458091,intrusion,medium
17.60699196634235,56.230895414587295,0,0,196.51534584469582,normal,low
43.536680415148794,48.31094486271719,0,0,224.0432972887824,normal,low
35.36822603500717,64.29846599846445,1,0,235.33053067175933,normal,low
30.944113656389007,68.38921889234604,0,1,180.25591518986445,normal,low
29.007353495126104,26.279289630466163,0,0,126.86329977957533,normal,low
38.67527212291828,73.51905877218275,0,0,183.41074881617124,normal,low
36.76447186579664,79.20066179358747,0,0,180.54013360869473,normal,low
33.640266735003685,73.6955889564035,0,0,141.48231048218673,normal,low
23.630200317947992,61.27294534399956,1,0,214.3927349025579,intrusion,medium
21.173373986889803,31.24906566441207,0,0,166.32056112273386,normal,low
24.061231346533795,42.749518013979056,0,0,152.59139596047774,normal,low
18.87464360234108,85.26456917464009,0,0,245.97171505766227,normal,low
32.54403596964359,57.03692218379882,0,0,107.04547160364906,normal,low
44.06711739187321,47.42819698946241,0,1,272.96625606047235,normal,low
42.97675641849651,44.55012714158549,1,1,208.2602804348549,normal,low
27.357960224168725,61.979776456691795,1,0,196.73164073500757,intrusion,medium
36.033125773088194,57.267628775395295,1,0,150.3435055502947,normal,low
27.667381601107543,57.06457697511853,0,1,203.773961963679,normal,low
28.617853554925304,26.018214594310173,0,0,240.0649156789578,normal,low
26.75716546753587,86.79926742149982,0,0,194.8985292051512,normal,low
47.786362447571356,48.902256453215244,1,1,202.01000705891843,overheating,medium
20.596948100969676,28.500560570441593,0,1,236.08172812127702,normal,low
17.70693703792793,72.58685152506956,1,0,243.64248866688382,intrusion,medium
25.844787089745942,20.79983264890259,0,0,184.65892130744587,normal,low
36.72355524309918,57.412797238698566,1,0,133.90194119264035,normal,low
37.279600957953605,71.38573327563554,0,0,183.51752296658975,normal,low
28.979622784424958,73.050920679333,0,0,286.65338057963265,normal,low
43.060138523415766,57.197693037618606,0,0,219.99934239438278,normal,low
40.425070616534995,85.54152214537031,0,0,193.31264172099057,normal,low
36.13288168310409,87.68201036095672,1,0,202.86368318001163,normal,low
40.450879085709445,62.594176047944195,1,0,210.983790471792,normal,low
43.97593497475583,45.87250324246149,0,0,185.5618204764229,normal,low
47.077858967863904,31.265217241548626,0,0,225.10279033661422,overheating,medium
33.841100925099504,52.59948758622258,0,0,128.5674239802567,normal,low
47.672949642115945,30.09077868677831,0,0,235.1243407716736,overheating,medium
27.089955733455792,57.18689200382682,0,0,203.61447613819792,normal,low
30.722372720776825,26.54142767657475,0,1,199.52868742792407,normal,low
28.310083058892022,87.85926330005039,1,0,237.1061336117511,intrusion,medium
17.685374330420718,72.50417899887941,0,0,144.6604168265763,normal,low
27.66541118251324,24.851255091845754,0,0,180.50289664842148,normal,low
42.07855422974323,51.78668777702227,0,0,123.2735318032557,normal,low
27.120787863124576,46.09565528461154,0,0,192.28184329311117,normal,low
20.92246570158469,35.46019052649936,1,0,154.3449842420974,intrusion,medium
32.52981783865637,74.36162705642482,1,0,205.61442894378033,intrusion,medium
50.59914153567971,52.17957311506499,0,0,202.8203331151488,overheating,medium
24.392925946111994,89.93468262843962,0,0,206.22357435793273,normal,low
20.64065660928692,32.300879026073744,0,0,168.10059177508043,normal,low
25.662680948941745,53.10340274933873,0,0,206.5851048377605,normal,low
17.60090683765,50.243376224293705,0,0,161.59588785499102,normal,low
21.03735142967688,23.474491594179668,0,0,170.88012113796023,normal,low
26.14896374457347,46.69485141172211,1,0,234.92057210257178,intrusion,medium
35.5683240648299,55.40397205061213,1,0,157.2486968913261,normal,low
23.663081742928764,87.693517704017,0,0,168.29917267237875,normal,low
39.74917025227065,29.625541154116227,1,0,250.88765755220993,normal,low
29.937450735885268,36.867694298154056,0,0,143.4411575439759,normal,low
33.522466730743005,70.42334426409062,0,0,149.41779539201735,normal,low
44.33131482366629,87.0208161803845,0,0,149.69078564171963,normal,low
11.249042803672925,38.3970268100203,0,0,251.63964538207438,normal,low
36.97714563852294,79.06863542327427,0,0,219.63973579899113,normal,low
35.34541540478547,62.02524585243746,1,0,88.95342982071996,normal,low
41.05061862482631,41.411325754568736,0,0,274.3437018564513,normal,low
26.220987606176912,74.7193629292574,0,0,203.10930727941718,normal,low
36.678667859280985,89.34583146493415,1,0,208.64198517148012,normal,low
39.46090084020984,81.03957989089398,1,0,169.03667082601325,normal,low
14.23092221461313,44.13108597101599,1,0,192.47831909781078,intrusion,medium
46.54876162875654,52.54963537105319,0,0,199.21403368218952,overheating,medium
27.758452777052227,31.865953774213786,1,0,187.9479493857962,normal,low
32.980523077876576,60.09843510176308,1,0,164.28101477907575,intrusion,medium
30.351128837032327,64.64975272032378,1,0,242.69706463173299,intrusion,medium
50.33138542188818,80.13846221967441,0,0,174.97808811751798,overheating,medium
29.493868804995063,27.293068630885948,0,1,207.18217081798164,normal,low
20.31111684511452,43.5339361754654,0,0,226.62495374825292,normal,low
22.13489410732216,68.8841678531306,0,0,214.64466197078562,normal,low
39.9992599839197,48.2839337384207,0,0,208.73924709077644,normal,low
37.854166524560014,36.49828524086678,1,0,264.3388717359986,normal,low
21.088735547761676,77.53267001012969,0,0,196.47856072819116,normal,low
32.80254737903571,54.912365898628195,0,0,104.96996419331788,normal,low
18.34958312018231,21.565692305694327,0,0,203.14299523924225,normal,low
35.47131221729524,26.062753051327704,1,0,189.89851229690547,normal,low
56.762092265710024,45.87173809970437,0,0,136.95205086797455,overheating,medium
23.840183046250267,87.19328212583434,0,0,224.37933826934773,normal,low
30.475075388855526,64.15701315707977,1,0,271.71841290305235,intrusion,medium
27.798622665946738,81.8900708601837,1,0,205.5042664681052,intrusion,medium
30.83051449124531,77.58552694143488,0,0,222.8710334343726,normal,low
51.778648994771146,48.297894757353994,0,0,279.14237800716546,overheating,medium
13.75844829056155,44.80547780333895,0,0,235.38422172983752,normal,low
21.82756818990513,46.092640472187725,0,1,173.96266123287103,normal,low
40.16527247478329,26.908359929600067,0,0,238.15852754185053,normal,low
19.1463695578119,54.62627751758732,0,0,215.80162108977493,normal,low
10.0,39.71691768742146,0,0,202.27875325021762,normal,low
40.58142688355526,76.36167730330808,0,0,263.6515910650204,normal,low
29.154553060100216,73.11304295005903,1,0,171.25703905397634,intrusion,medium
20.634027037965055,30.468678520568517,1,0,142.3947124557596,intrusion,medium
35.20059143959001,38.75308196951336,1,0,82.02487260562718,normal,low
28.24824278924908,70.2705051131199,1,0,156.6771133845166,intrusion,medium
39.87373468949289,44.28249245461295,1,0,171.25051008965931,normal,low
32.50189359869944,43.48537360184755,1,0,197.23862286648566,intrusion,medium
16.373897662898024,73.75402945827614,0,0,190.2340792378328,normal,low
37.26520381801359,74.99545527223228,0,0,240.99928302640873,normal,low
27.600065788373016,54.50926216059614,0,0,195.88552919790078,normal,low
38.43200885200423,54.92992836683756,0,0,219.516250752865,normal,low
18.384049766661022,41.6343020609376,1,0,234.107309424091,intrusion,medium
35.47413437792638,74.40943179078488,0,0,197.69631707616924,normal,low
15.920108182338717,40.621954506587606,0,0,133.20212022862717,normal,low
34.5313039351518,34.297258819554216,1,0,216.06488893603517,intrusion,medium
39.27963583883454,52.54036238680928,0,0,117.05298184130584,normal,low
40.0983680354476,79.79920117425792,0,0,131.66447830557524,normal,low
37.95422739975824,29.020188580580218,0,0,173.7867420356821,normal,low
18.296068796711957,51.551230345001265,1,0,165.54115338426968,intrusion,medium
15.503544982654319,77.4594405818239,0,0,205.98669502203293,normal,low
36.50917040810167,70.92072122214041,1,0,196.33778328882664,normal,low
32.221561563666256,56.9743828390153,0,0,241.2506572621942,normal,low
10.0,84.3670781049433,0,1,235.08204493198994,normal,low
25.808578290574133,39.71232478453392,1,0,206.4808006855274,intrusion,medium
30.596684712728177,64.11178654399018,0,0,252.97819599603045,normal,low
46.32054420226884,29.37716789607417,1,0,178.39940959696375,overheating,medium
37.70224012300434,50.85763014900881,1,1,196.30485770619492,normal,low
41.13462143493703,79.36030781935904,0,0,252.3198583118433,normal,low
12.72895395872004,52.137929262756515,0,0,196.1689221327519,normal,low
26.584650910547506,52.61793217402343,1,0,179.0062982141894,intrusion,medium
36.19591550966643,65.87608837168423,1,0,201.10439058866575,normal,low
42.765103172533784,82.55006188717847,0,0,265.8500854844683,normal,low
31.215608474527833,62.55154733133074,1,0,226.89849473343068,intrusion,medium
31.05101384968375,23.19325911734607,0,0,295.06247103022423,normal,low
26.301264376332618,70.79303747238541,0,0,285.12889148928275,normal,low
29.370498553061548,52.796035526683916,1,0,242.11102493021713,intrusion,medium
46.54189648078939,76.45513361746637,1,0,214.26373971072613,overheating,medium
38.97890431408986,47.410567727531905,0,0,264.3480593651077,normal,low
46.464121343370564,77.5951015050324,1,0,193.17453335570963,overheating,medium
31.362060782232593,86.25617964918621,1,0,145.98314504790636,intrusion,medium
35.1409544364504,45.18476031745832,0,0,257.3773289973353,normal,low
25.14761812350963,72.60564212034645,1,0,191.98139681713428,intrusion,medium
40.13487541159322,50.14007907550331,1,0,174.4590232174903,normal,low
49.129753458863284,52.504871284057785,0,0,183.1169795890755,overheating,medium
10.0,57.018300970451214,0,0,246.13055259740696,normal,low
48.62631337310676,48.31635144141315,0,0,166.25724574162925,overheating,medium
25.942580725935002,58.72380176122892,0,0,270.83781336921004,normal,low
23.273948629023295,55.455336795615736,0,0,247.7229405731156,normal,low
32.0298132858842,29.673500016491673,0,0,74.07488746883016,normal,low
27.412766728703197,47.84071095538923,1,0,107.70741309059413,intrusion,medium
12.754489865000906,62.317100503353046,0,0,209.56298482765422,normal,low
10.507725319412057,86.72078417122299,0,0,207.16803456536164,normal,low
26.175641363226262,72.59002459085174,0,0,275.0864989585231,normal,low
28.801893782986433,30.316187513255556,0,0,220.61378340567347,normal,low
48.34891740022116,45.9016320279382,0,0,218.72874140196407,overheating,medium
40.41960990982372,84.92993918483275,0,0,256.4066380804605,normal,low
36.85591940928572,62.85158315333007,1,0,218.59638561157624,normal,low
16.538769420131764,37.613761909566065,1,0,249.37406823193587,intrusion,medium
26.87397863850183,59.96106858494478,0,0,145.18757162700746,normal,low
23.800883937300505,58.389092873222694,0,0,284.87810473747777,normal,low
39.850961404155356,64.76184518472174,0,0,193.30142221154628,normal,low
35.92804033985549,72.92974164913548,0,1,231.97924133089333,normal,low
33.076630005018885,29.304332641942416,0,0,215.03141807123325,normal,low
34.992825781769824,54.672044963035724,0,1,149.32102429127764,normal,low
29.86758616632386,44.4938059338227,0,0,209.77164225413418,normal,low
21.847396645339238,61.783950197961346,1,0,176.61454485001434,intrusion,medium
30.55766564939972,39.620420724008774,0,0,236.5062027625303,normal,low
30.318376253462688,84.10422028555176,0,0,251.44856086718357,normal,low
18.608393752680982,67.01704757461242,0,0,155.20436647740908,normal,low
15.6147332477543,76.46050741247342,0,0,270.8511934490434,normal,low
24.038753732983693,26.997493797085312,1,0,124.3900010187246,intrusion,medium
36.606911997418756,61.99310185223017,1,0,186.90303000428938,normal,low
36.68164411064326,69.20163064546132,1,0,153.7080329760081,normal,low
14.644251006532269,39.93036360481173,0,0,250.63759154366693,normal,low
19.011225405969597,43.32890111612161,0,0,230.31069338409878,normal,low
41.179674911877974,26.613708165260217,0,0,293.00987036619864,normal,low
37.71480140742532,27.445474775754747,0,0,151.96614900900613,normal,low
37.51141724262461,88.61013544472905,1,0,139.88188323568602,normal,low
43.96844773288629,51.18526457967997,0,0,154.5177086933881,normal,low
26.307850910486057,58.89962203227932,0,0,158.06887848107914,normal,low
36.4724697438824,21.690889410027324,0,0,190.1611980894933,normal,low
15.45234110633113,35.57940062879453,1,0,223.2846839307945,intrusion,medium
31.162196135974906,56.74440695055328,1,1,198.73612267764636,intrusion,medium
22.217322553895517,43.792437081892814,0,0,232.76456056521204,normal,low
31.545242554437518,71.73980003112881,1,0,231.07026953313323,intrusion,medium
25.774290330439825,48.44812386763023,0,0,204.75796632214255,normal,low
18.467021431829025,81.328097282264,1,1,99.7183868503162,intrusion,medium
34.29402593463999,61.000371491027195,0,0,140.78228936183655,normal,low
47.80565553557038,87.02071541452224,0,0,180.67860129525891,overheating,medium
12.800839281514925,66.4488379973962,1,0,268.6592739343633,intrusion,medium
16.396360078136045,88.63620400639999,0,0,217.20487342703925,normal,low
20.73790829966029,76.06847172485749,0,0,165.34500864951696,normal,low
37.53662052706775,27.886436549690252,0,0,210.81110720337506,normal,low
43.689171635269076,75.07943468140084,0,0,212.81414294810554,normal,low
18.265054695218144,88.94559021240033,0,0,201.89133187625458,normal,low
34.27778071553435,27.97142258940692,0,0,204.97281340363162,normal,low
17.879572536160847,30.988463605405848,1,1,111.08521130461136,intrusion,medium
35.42336252903471,70.21428220122922,0,0,143.67497705469077,normal,low
26.030818382949526,89.78421390491661,0,0,199.8916596953321,normal,low
17.696789523969702,75.49387878496862,0,0,118.23081870895881,normal,low
37.37624485594182,20.8907388447605,0,0,161.97794769757786,normal,low
33.18936190685614,42.33295336187173,0,0,223.38116408999522,normal,low
27.79929551591502,74.40246699243522,0,0,112.37242652392484,normal,low
24.53543063538389,82.33725969380177,1,1,130.36791071976012,intrusion,medium
24.535974900881918,87.27904787656931,1,0,194.71322323007766,intrusion,medium
31.84880175117228,72.93532496876645,0,0,157.6062992752209,normal,low
40.75159941443362,54.95285179569238,0,0,168.79297888612103,normal,low
37.29823452664331,25.994389390171015,0,0,174.82764563204313,normal,low
23.927465045195536,71.99585848837535,0,0,144.41108744329404,normal,low
34.21805400810647,28.810469195385895,1,0,227.38987521609462,intrusion,medium
20.3147442574138,81.81808151254515,0,0,256.08701185506504,normal,low
28.042281794440598,64.21587541841578,0,0,202.30565614878205,normal,low
34.58814473417258,77.25586349345181,0,0,218.70878478826054,normal,low
19.759596247113166,45.00748917608195,0,0,206.6202427824902,normal,low
35.48087931662168,42.28833699989767,1,0,219.91327274560518,normal,low
40.56222316813425,87.03981642925163,1,0,150.10089065884304,normal,low
50.03714786820817,48.5751613800734,1,1,292.11568954118957,overheating,medium
31.376530138524576,78.56200041840285,0,0,177.54120304736915,normal,low
31.159235012680416,45.36830196889882,0,1,153.9471184656066,normal,low
31.80101155510022,51.39291687792446,0,0,189.52273935579439,normal,low
26.11547537525223,24.320068765436925,1,0,222.44947917658484,intrusion,medium
35.59962894652625,51.99072121044958,0,0,180.62222334875366,normal,low
42.69182402540967,89.30499924298778,0,0,158.9721949550242,normal,low
37.33467571256027,56.76025985378474,0,1,264.94324668786203,normal,low
46.578384718086284,45.57541688021383,0,0,286.7624637126336,overheating,medium
35.493787210598434,79.0637273041496,1,1,113.67225545325526,normal,low
31.320572448254556,54.486219512715714,1,0,191.4566321337512,intrusion,medium
22.97448665624812,67.80138606874445,1,0,187.14099648708,intrusion,medium
31.76061338790572,23.721464395960833,0,0,180.0881316006606,normal,low
31.16667822266329,88.33108216802465,0,0,180.8394980940144,normal,low
40.02534256893087,89.27586015213836,1,0,269.1148109683355,normal,low
35.195694098815224,56.866559554306384,0,0,235.10971670947413,normal,low
34.83587397458815,81.04115447840624,0,0,207.0001963319937,normal,low
27.485055524319137,47.087284798428385,1,0,153.02972118996928,intrusion,medium
40.868099692911585,78.11069287401673,0,0,234.74237052964875,normal,low
19.911345483413005,53.24586523845665,0,0,225.63747569629015,normal,low
31.915900390780806,23.757738991720096,1,0,197.67649502592067,intrusion,medium
11.791309788107032,47.90552897541407,0,0,219.91799245240162,normal,low
26.642204590964333,39.255701955923584,0,1,320.32820323531064,normal,low
20.116539054770005,85.53931191752734,1,0,274.79333409490096,intrusion,medium
28.63506449436864,23.660156312296387,0,0,141.8233842050657,normal,low
37.6411014465478,33.84901132085119,0,0,186.7285228285462,normal,low
34.469851671084186,22.63283351540079,1,0,187.11311771000263,intrusion,medium
26.85141329738528,61.98369449023339,1,0,207.5880338440861,intrusion,medium
43.13874413906589,82.14321405103118,0,0,240.94258207754146,normal,low
12.456486866673607,83.5100052394719,1,1,187.80950088993353,intrusion,medium
49.36327124252776,83.72785562072488,0,0,167.2840948108293,overheating,medium
37.30833078180963,24.050317555714724,0,0,152.80821719635998,normal,low
39.363417022432614,68.15772614286536,0,0,158.58996154800315,normal,low
12.762737845385328,29.245617616330627,0,0,68.71174953029978,normal,low
29.501546192111388,67.07180675652748,0,0,98.56094659553112,normal,low
32.5564356831849,50.87624199641219,0,0,196.12584157731914,normal,low
10.0,67.47695326497337,0,0,201.541503554721,normal,low
40.784991920731585,29.241991791711392,0,0,166.2490334065894,normal,low
12.656451239024655,87.79429504294687,0,0,197.37060045962684,normal,low
28.135724238233134,28.10658021298218,0,1,193.6241619652793,normal,low
10.909203068472412,49.32454198353673,0,0,240.0841435315713,normal,low
24.758555679862358,52.4067138192563,0,0,179.93377194876172,normal,low
29.524057282658937,76.81081836510812,1,0,153.18830433838286,intrusion,medium
60.33371259698499,41.07087941817211,0,0,148.74726964681744,overheating,medium
27.01987431095057,74.05383866052054,0,0,196.70292895393143,normal,low
31.95418526194514,50.53711259739998,0,0,188.9713193873554,normal,low
23.74450254376499,88.37940403408041,0,0,188.45825873079596,normal,low
26.778124058476493,42.0970944669061,1,0,197.93594088155504,intrusion,medium
36.553035873803964,59.92087525711517,1,0,181.89580137486345,normal,low
34.76834429365992,51.249126376167496,1,0,204.84197976247,intrusion,medium
31.026281658346267,62.6542240483677,0,0,266.9296223076832,normal,low
19.268562733745664,77.07663601560196,0,0,198.12383011103097,normal,low
46.08342398310939,53.33462425418465,1,0,286.00085732370223,overheating,medium
20.516875725534156,66.99723855347477,1,1,101.67242668432861,intrusion,medium
33.59018845428142,69.57576662076818,1,1,141.25965793761497,intrusion,medium
16.01760748373421,88.29283327061091,1,0,230.60208899333745,intrusion,medium
18.996367127132785,71.56170530787404,1,1,197.05369146691558,intrusion,medium
36.62601834606183,55.82854079751578,0,0,164.64869295306184,normal,low
28.58124912357748,55.71093417433381,0,0,251.82109004786128,normal,low
43.054370865110805,52.52318663269058,0,0,181.38027941865795,normal,low
17.83306963407277,52.197051973612936,0,0,194.8635578002115,normal,low
26.92947856132347,51.222274414898415,1,0,276.90966155399326,intrusion,medium
22.600516330710846,36.25415125666531,1,0,245.67410313213117,intrusion,medium
16.72357734014829,46.140482379339915,0,0,263.13426833598703,normal,low
22.66033158193727,54.86402254057092,0,0,185.79149884106113,normal,low
30.81084520124945,21.718994359235747,0,0,263.85234404180466,normal,low
35.465930203283335,31.46525273640958,0,0,248.80411262087918,normal,low
32.86052581007298,58.45381537134478,1,0,119.68373992130834,intrusion,medium
30.071319586462533,69.75649383262748,1,0,158.70907303125045,intrusion,medium
28.08739167012702,63.67366155123142,0,0,161.94991476772924,normal,low
34.24488633144037,45.75664267740381,0,0,211.25441121328856,normal,low
10.0,52.19773953707077,0,0,218.03121384648009,normal,low
21.148690232199677,25.655894917707553,0,0,261.3332366904885,normal,low
30.42209290890696,43.33456585255371,1,1,268.45128305113485,intrusion,medium
27.566109338901878,50.661757403283445,0,0,147.15934422898857,normal,low
34.324012792445465,72.98748133517293,0,0,201.4313500739543,normal,low
22.101438507071393,85.90460467417523,0,0,189.26099748440043,normal,low
42.94305094342261,37.434248619805246,0,0,230.91656217297026,normal,low
40.116085364085606,20.706069505094067,0,1,193.4459320120079,normal,low
32.17738055314332,74.49199472139466,0,0,205.70841561612667,normal,low
31.321012182028536,84.52483257236766,1,0,211.6556571644278,intrusion,medium
29.126202565575493,36.53513544510379,0,0,217.10021661823185,normal,low
11.438237647674356,65.24583442735073,1,0,191.96425090455028,intrusion,medium
36.532783094319825,39.605264116149236,0,0,124.11263141950701,normal,low
45.822011205978335,30.56845781247604,0,0,250.20023002999375,overheating,medium
20.12163597340532,56.818345908797596,0,0,239.90042108257313,normal,low
43.70457888586423,39.825047465924904,0,0,168.92300272101733,normal,low
29.408908186707635,33.672732799826704,1,0,146.55991909963322,intrusion,medium
22.64551290854214,26.369787751183345,1,0,237.07454211694,intrusion,medium
36.12108184684353,39.71495488573248,1,0,212.47090438809988,normal,low
26.212404214041356,53.23033916203915,1,0,257.8693311528322,intrusion,medium
28.476936965607017,43.39471124990078,1,0,203.56862338394902,intrusion,medium
41.86298904576553,66.73376512231727,0,0,190.7074734956573,normal,low
45.74844930771911,34.59446437648848,1,0,207.06513409652166,overheating,medium
29.52767809763573,63.81025969963975,0,0,249.5113051292023,normal,low
31.382410491379012,42.51163108907745,1,0,264.1806286073561,intrusion,medium
32.3756930471009,36.20849123932443,1,0,246.95604874230918,intrusion,medium
18.550894372692206,76.20073849442991,0,0,130.6878400747474,normal,low
28.927599953795305,71.6488907073809,0,0,61.277093712863916,normal,low
32.57496821179742,47.408934960366935,1,0,197.64177718902621,intrusion,medium
27.51770045265502,67.15792678240467,0,0,188.7677115946666,normal,low
16.283662450222465,68.81372610650631,0,0,201.560094582492,normal,low
23.34034553059874,76.40463526862646,0,0,242.420404408772,normal,low
10.262276843121143,27.98010583945316,0,0,221.3684976400927,normal,low
45.21352865470036,24.772001273769057,0,0,133.65781351587287,overheating,medium
29.41497444762693,67.39133194411397,0,0,233.13957504368898,normal,low
21.28280304803782,29.919410854466182,0,1,245.59171056733692,normal,low
15.376234624237844,31.02083609858846,1,0,245.60783640608105,intrusion,medium
40.1621255088537,71.65687783410667,0,1,237.24754023807657,normal,low
35.40896381648891,77.8465967841542,0,0,240.390000515883,normal,low
28.71067760263178,75.37625576558386,1,0,210.65280170014893,intrusion,medium
17.204512982083937,76.1290923149084,0,1,169.90126085144365,normal,low
33.25415735233768,81.26028970130776,0,1,210.83098736462816,normal,low
30.092516570172467,80.49799727915632,0,0,217.58590729829473,normal,low
21.802146139332876,48.70001065932043,0,0,218.8954188323369,normal,low
36.45891887717063,63.71736959601029,1,0,277.07683756138147,normal,low
32.66392116818544,46.42941560350906,0,0,211.5560774320815,normal,low
10.0,67.16596597284885,0,0,208.3362892581764,normal,low
15.760843623991532,31.02407226674713,0,0,146.28937656808915,normal,low
16.00994964550796,68.72009734372762,0,0,242.99474086330537,normal,low
30.514009503780784,37.99430062317644,1,0,189.2469223884212,intrusion,medium
20.14159341191575,20.74760765305259,0,0,282.450897610356,normal,low
33.04884631374322,31.96006883089546,0,0,228.13952517845908,normal,low
28.625400865911956,78.56891953361625,0,0,168.06628135851128,normal,low
22.11403244292562,42.06827129027309,0,0,178.841690205323,normal,low
25.60976284042423,51.88514824133772,0,0,211.79718966905236,normal,low
23.463533434210962,28.446810520638444,0,0,250.6180943257719,normal,low
28.500830496171613,36.63995976043685,1,0,164.4836834560008,intrusion,medium
33.81212346138629,21.219085391519386,0,0,258.83393434752827,normal,low
24.668277899008615,45.6868972945746,0,0,185.45762025793826,normal,low
35.09175690572959,29.382423123526042,0,0,220.61229759219157,normal,low
32.97742312826543,51.81573732111084,0,0,205.9273909399969,normal,low
23.891246504831443,28.480887168438834,0,0,230.4287741237715,normal,low
39.65803254403081,33.50373680873403,0,0,205.72321933872288,normal,low
32.580162099731474,70.08853372306055,1,0,232.32437731513699,intrusion,medium
45.212303968941754,36.27456806322637,1,0,268.2368450944098,overheating,medium
35.09896909054563,47.02489268423599,1,0,208.51854293733908,normal,low
32.76881408514589,30.097724788102095,1,0,198.6603430515215,intrusion,medium
19.553531154351084,82.84182538881853,1,1,140.78310623799763,intrusion,medium
20.759526310435582,29.200581735413436,0,1,170.11167780939513,normal,low
27.290017872390862,75.86479934627562,0,0,202.50080755349933,normal,low
26.400021493225566,68.85409511544879,0,0,224.3443880025245,normal,low
42.894243344294246,35.808409968803915,0,0,245.21982188481599,normal,low
37.59798589666379,31.49773909061578,1,0,310.847873153672,normal,low
24.90911586514501,49.09293695855344,0,0,294.9496117711257,normal,low
24.616777956608587,38.74920762379543,0,0,215.5729420322314,normal,low
36.624787466900464,39.938405292094515,1,0,91.55075308353797,normal,low
23.30398335164697,54.35283797783568,0,0,144.2875885078854,normal,low
22.41004791080548,79.93226675511337,0,0,275.46688090983724,normal,low
35.07074836399125,85.98366911669773,1,0,231.12235703210484,normal,low
27.70968547137316,71.8984216955523,0,0,177.52426969243047,normal,low
32.88189349289727,46.061059096730474,0,0,183.1573569859539,normal,low
30.45922286125034,54.01095125314111,1,0,52.89214563991166,intrusion,medium
35.82756114059086,89.88278238939688,0,0,275.39570977840987,normal,low
26.40358751762582,65.5688750650948,1,0,215.70029847680385,intrusion,medium
33.57741258005445,64.30794905166286,0,0,123.30220255953135,normal,low
38.452236645272244,25.112372576853,0,0,251.69690274048594,normal,low
39.59122638632534,61.03595369540002,1,0,262.38050316923625,normal,low
43.11430563191152,87.1765606265952,0,1,251.49518903345106,normal,low
10.0,81.36689127431148,0,0,174.77020577286538,normal,low
28.77519969627799,52.71637671597401,0,1,170.3137881381957,normal,low
28.855435181219676,73.16830332100477,0,0,236.65906558861764,normal,low
24.671222774710078,39.542188578428,0,0,202.81353870511674,normal,low
27.552287703073546,33.162448570842216,1,0,280.8860793520853,intrusion,medium
25.473710389419868,23.169748380580593,1,0,261.9048739417769,intrusion,medium
26.83530915068734,64.30441591454758,0,0,203.14445794945888,normal,low
34.764758608161415,48.61502040113104,0,0,221.76336544355354,normal,low
31.61692481964138,87.9777183249936,0,0,214.8576625449725,normal,low
18.92195686834385,72.61408227630332,0,0,188.4030940440464,normal,low
10.0,81.25757347052198,0,1,143.39693140408758,normal,low
30.828340279978544,34.39429090789825,1,0,210.54059027840248,intrusion,medium
21.31344309227546,46.6243526036286,0,0,316.820702217218,normal,low
27.58681835132066,71.68602150842543,0,0,251.35341359352228,normal,low
19.051967180177677,38.919371296169174,0,0,249.94155845724327,normal,low
29.689007258741945,57.670713416081384,1,0,105.48655778023934,intrusion,medium
17.89742100200071,67.75178121052026,0,0,233.89218170803736,normal,low
31.874142905148172,65.9400656019411,1,1,200.6764705345603,intrusion,medium
33.30255565337498,34.67218758957836,0,0,251.08224407462896,normal,low
10.0,89.98944278278235,0,0,217.61679376973316,normal,low
32.60422597384136,84.9690260330477,0,1,102.59224389108927,normal,low
10.0,47.86740853588877,0,0,242.6852435690185,normal,low
24.48403139364818,74.00302239010989,1,0,97.69779799364309,intrusion,medium
26.350767187440404,60.14621536783476,0,0,197.49672639443585,normal,low
40.0562059442349,34.19987903479433,0,0,118.0412813632546,normal,low
22.185356098678447,62.050185493825836,1,0,87.17050185072233,intrusion,medium
28.097430289361814,63.58700656081437,0,0,192.2760401542822,normal,low
36.13088090497998,41.2617188146003,0,0,174.55919612150146,normal,low
52.69771957129734,78.79265393553996,1,0,199.90717387007842,overheating,medium
12.182182710519623,56.92044191560992,0,0,157.91636462725498,normal,low
20.14142509806031,48.95954214293482,0,0,198.68107674769035,normal,low
28.1687506596264,74.87138509868524,0,0,167.98741158659055,normal,low
37.2028353444063,35.68233530841081,0,0,223.79385440254526,normal,low
40.29033117562721,32.060504355992805,0,0,186.6291584361202,normal,low
31.990433208844323,54.516221738148246,1,0,174.5515983461697,intrusion,medium
32.316658187028054,45.04664575816665,1,0,117.05878118994416,intrusion,medium
47.69114357508229,20.480108757523304,0,0,190.19943161433804,overheating,medium
28.1674828113778,55.85452630991764,0,0,274.2027943792359,normal,low
32.207415647147705,60.65476019007659,1,0,285.9525767307183,intrusion,medium
10.0,43.58317834473506,0,0,162.86853401481216,normal,low
30.448766468325736,77.30513225191929,1,0,243.08476190261206,intrusion,medium
10.0,86.37647333758898,0,0,172.03694102329024,normal,low
45.84624055717116,75.4672007369812,1,0,150.60949752865955,overheating,medium
32.75216609228106,75.21120257572429,0,1,174.56039006197688,normal,low
35.58808775977741,88.55599998501897,0,0,194.004701129494,normal,low
26.751220816272,66.87986681737604,0,0,170.41011556744184,normal,low
23.49785059155521,86.03627032869491,1,0,194.03853124708644,intrusion,medium
12.083067896055628,42.327487773618586,0,0,180.20183568269144,normal,low
23.558399603846425,73.00488266393769,0,0,222.3181809771247,normal,low
40.38887951616031,62.808400666468565,1,0,133.62411390491508,normal,low
35.964092066972036,24.21007756339953,0,0,193.19706406849212,normal,low
33.1147253736417,59.599741437033245,0,1,167.90587417682178,normal,low
25.578418752581012,27.421000351187796,0,0,207.60190382086188,normal,low
31.43797888375074,49.86179219941717,1,0,179.6359109479466,intrusion,medium
35.462312553308514,59.48460573756418,0,0,197.51606596599967,normal,low
35.20789767399674,33.08201912410783,0,0,178.5882165965719,normal,low
30.358153705595186,73.80300977591213,0,0,187.64177378268263,normal,low
39.02208926555826,59.37570638010179,1,0,89.20113757279802,normal,low
27.865712843537892,28.000271621171667,1,0,209.7865551118369,intrusion,medium
16.8579337034436,54.29016087859117,0,0,269.4718590362175,normal,low
25.698029128648916,61.448767147826466,0,0,177.57344998331118,normal,low
27.488077204527137,29.48356218349622,0,0,226.87234430954692,normal,low
29.036324882257993,26.062607842874506,0,0,204.6359120489933,normal,low
39.16140486963255,64.1567558101172,1,0,182.50810071120725,normal,low
22.339993082371638,85.27717893442453,0,0,166.29129041580876,normal,low
30.263231617546595,58.00216268889867,1,0,273.679852519467,intrusion,medium
28.754539319008224,37.147323871034345,0,0,97.35508501382321,normal,low
16.39873173795726,72.5614960182148,0,0,183.0167455560568,normal,low
37.401500758527106,69.89334993565734,1,0,209.39939502578,normal,low
20.972359895102898,75.50891344444548,0,0,216.97069529343855,normal,low
11.260786421059528,88.85029986913501,0,1,200.55630970994284,normal,low
29.952559569165732,40.308985053950266,0,0,217.42147766299777,normal,low
38.39452393377002,59.45031429911324,1,0,334.48599643288986,normal,low
22.902525858121052,88.43768194520935,0,0,208.6459415089036,normal,low
27.974014636637975,46.54209006306719,0,0,227.705753179764,normal,low
42.239663515175465,56.20536812264577,1,0,306.50137793362643,normal,low
43.03368534046213,70.71423745315859,0,1,141.61863760982078,normal,low
16.806816297881035,43.919463518174396,0,0,248.4802258322344,normal,low
31.528382637387544,38.12133444870917,0,0,75.00352419065534,normal,low
31.826639893007744,71.12593366863894,0,0,179.36108367465158,normal,low
39.94404338141905,56.83284208025542,0,1,176.81412869404733,normal,low
25.421725964447372,43.994020848437934,0,0,186.47451877579772,normal,low
40.4600144347025,24.46766917127308,1,0,164.21661024709056,normal,low
34.55455552051564,64.29518188342104,1,1,186.46557225852544,intrusion,medium
32.06084794774515,77.00618004827349,1,0,164.0903359016055,intrusion,medium
49.67471887269981,52.841659264474785,0,0,262.1885939978381,overheating,medium
33.26177457474897,25.229084889288345,0,0,121.08662158745067,normal,low
31.397774217100825,42.52058907982237,0,0,236.63288017019562,normal,low
36.24344994914155,80.74120370637985,1,0,208.86984405121655,normal,low
24.194505143029353,76.32999688650858,0,0,107.92796608622398,normal,low
23.70897496484868,27.820800294406155,0,0,101.21652761583346,normal,low
41.619526641479275,50.75150003515846,0,0,256.67302929466837,normal,low
35.280701674587526,44.58326056127056,0,0,210.98620151851688,normal,low
16.141485213369485,20.194598319112185,0,0,139.06850912666414,normal,low
25.61884192512384,85.1410623827877,0,0,196.08275726974094,normal,low
36.235574771224705,51.69063440642567,0,1,187.9491153407653,normal,low
15.662581029280084,67.50328402296833,0,0,188.32618719143036,normal,low
15.687925616212016,87.81071276948202,0,0,228.97862994303412,normal,low
39.99693895956156,59.11363513414163,0,0,223.01419939107583,normal,low
22.884251508870047,44.94833815942765,1,0,180.24045611111436,intrusion,medium
21.263755004598828,30.61594386429005,0,0,126.67200905384021,normal,low
24.723809579859477,27.846039840721517,0,1,170.3933141936298,normal,low
26.620129450330918,83.08582148669794,1,0,222.62364273686705,intrusion,medium
43.066634290736616,76.8402844430662,0,0,201.365775063784,normal,low
12.207550627022208,24.4730688692281,1,0,249.776768451559,intrusion,medium
18.349287102827674,73.43910357852252,0,0,235.0343645140158,normal,low
14.248549075997952,59.89096797646712,0,0,226.1227974712567,normal,low
38.67260999832568,86.53490649735491,0,0,265.51413490860153,normal,low
37.69162759620188,43.213912150066335,0,0,142.83320384207232,normal,low
34.10954539742906,37.00104543461305,0,0,153.2761070371102,normal,low
29.275996216301788,82.17430710667347,0,0,207.73745082297683,normal,low
23.124821262412016,87.7872484564594,1,0,83.23918987837196,intrusion,medium
10.0,67.97182315591004,0,0,207.8908485605666,normal,low
31.00301531854689,48.83847386891411,0,0,220.00722372540727,normal,low
45.303182049702144,47.54655093479643,0,0,247.51562197716518,overheating,medium
10.864305878636156,66.10002992180574,1,0,239.08867164165162,intrusion,medium
20.484682371546775,65.96491080919692,0,0,197.7643172282683,normal,low
23.424007821871648,70.16433394639243,0,0,167.08863593222048,normal,low
22.30466141310162,80.45965204324253,0,0,207.87596902252685,normal,low
37.662600332130765,83.23998035118855,0,0,210.5788737326789,normal,low
24.336157911236924,66.39158520934029,1,0,100.51880063541915,intrusion,medium
14.270898565764794,23.89762900625855,1,0,183.25438970232443,intrusion,medium
19.89428851318781,41.221669572284696,1,0,219.73383685251974,intrusion,medium
25.21032858290627,78.99569675767873,0,0,221.77112224341383,normal,low
40.2615486172738,80.67551487199577,0,0,123.64467197980372,normal,low
39.00751568913277,24.200418237397134,1,0,155.0564834331199,normal,low
36.77600547638569,42.029324903467945,1,0,212.4630079854587,normal,low
32.59686753843052,52.74594357639971,1,0,169.75016025250403,intrusion,medium
31.038845566270155,30.271450674869747,0,0,223.3302705990868,normal,low
25.05238355549728,33.08881057901587,1,1,279.16481802646587,intrusion,medium
22.714547343891837,60.868891676957325,0,0,232.47271478594234,normal,low
36.00778896045391,39.02644647249737,0,0,272.7065630808373,normal,low
20.863114554979457,77.18263958180322,1,0,250.19391156046237,intrusion,medium
18.254787404611967,65.2558840138727,0,1,233.02587704560563,normal,low
18.586256087665426,79.30979858138954,0,0,194.28247480497143,normal,low
27.64086847008001,58.27178692497818,0,1,249.37487762288103,normal,low
27.976407091250987,70.72544277440782,0,0,193.03157847050528,normal,low
22.250441746111022,36.31273660379493,0,1,316.39212897175713,normal,low
35.40070989763365,73.22381129705607,1,0,189.04811702533615,normal,low
22.739677362339012,42.91494138084666,0,0,161.75871639886287,normal,low
41.40776080669273,56.602556331713075,0,0,124.50551623798441,normal,low
40.596469328022664,69.95729060654114,0,1,105.78690738290446,normal,low
18.655775946064793,43.026820866843245,0,0,271.80145367472903,normal,low
20.815946557132392,75.9696402873504,1,0,237.55465680555002,intrusion,medium
33.28256988118623,70.47140267225676,0,0,200.52314124212276,normal,low
25.005618547160214,38.440560975870085,1,0,191.00085073348222,intrusion,medium
34.30328691132887,73.5825850897015,0,1,135.26473324926812,normal,low
34.92988816882067,74.54148528580393,0,0,163.90675931796346,normal,low
29.89396824644506,48.11219710936162,0,0,203.15340559446338,normal,low
30.125068603839214,56.44580530076638,1,0,232.51193027240157,intrusion,medium
37.624112396002616,58.269523815193736,0,0,221.45032344306378,normal,low
47.156225438073065,38.46405834816686,1,0,308.6935518823876,overheating,medium
34.32176392809886,61.96812438299127,0,1,162.32635277765382,normal,low
27.885524013018742,33.92896752692451,1,0,135.4636281307976,intrusion,medium
12.777657867554883,41.94643182743168,1,0,245.43776679654133,intrusion,medium
33.90788255656279,32.00641753728736,0,0,215.9457738451385,normal,low
35.818643643980025,70.16009191340663,0,0,227.4588065951547,normal,low
30.054927192817658,43.91515678459538,0,0,232.36615202957051,normal,low
15.706708199955838,88.81011946977455,0,0,212.38265386024648,normal,low
24.612838614543342,66.74490223625007,0,1,231.10087794983943,normal,low
49.699002202698324,24.172769280527213,0,0,137.15340461704605,overheating,medium
32.06750570677961,65.35984520817027,1,1,210.9164225657089,intrusion,medium
26.78005128654015,54.15559760270953,1,0,113.63872420974086,intrusion,medium
25.73686362275688,52.136894498935625,1,0,229.05300296684416,intrusion,medium
30.52498345491722,82.25922258158633,0,0,181.57350176540945,normal,low
40.93507939055124,82.33290695110452,1,0,245.83933324558586,normal,low
23.687733789008067,65.37801662581786,0,0,210.0137846623786,normal,low
39.77881756181223,57.12976954157975,0,0,271.50454046224206,normal,low
23.239688345030174,40.955398886878925,0,0,200.12433715759704,normal,low
20.24764608678949,77.83684642591948,0,0,252.80296410193475,normal,low
43.21226177958127,28.242102889131296,1,0,247.71661482058602,normal,low
28.231309428781362,37.86338917442342,0,0,215.1295220300289,normal,low
29.35604476738406,21.199686390534605,0,0,282.0432678299103,normal,low
41.580683058276364,26.978812796875363,0,0,136.85510314040022,normal,low
38.29623558587999,85.39996666314345,0,0,199.74873375151384,normal,low
15.74869948240517,68.71510084938404,1,0,270.5036816404461,intrusion,medium
38.08518865491738,64.19928247334799,1,0,195.14873888189348,normal,low
35.98927010212689,87.37288524765187,1,0,238.63696841451588,normal,low
34.87165113217238,57.40193059221364,0,0,225.08938491534707,normal,low
24.1866903836046,51.09772406547283,0,0,211.46606219557185,normal,low
37.635512467569384,64.40258480455978,0,0,249.7396405533969,normal,low
45.97302197506312,48.257653238524924,0,1,163.94618542954447,overheating,medium
23.337307440598554,23.121740053858048,1,0,211.4934100687087,intrusion,medium
34.473715186619735,67.26069241901885,0,0,168.01301504757808,normal,low
39.75481166148982,23.277555481995762,0,0,262.39327205995204,normal,low
34.584339101331075,73.41020093443029,0,0,222.03366610183627,normal,low
25.811788849764746,28.266566962344697,0,0,225.0422707072815,normal,low
40.837598268065165,51.13387147230529,1,0,200.91970294548173,normal,low
21.221881150902107,33.719900958138794,0,0,214.42908685436862,normal,low
32.96035826561561,38.67798897834065,1,0,168.49925455194654,intrusion,medium
39.41847581311477,47.002118526696364,0,0,218.68711243209404,normal,low
25.56005287662175,82.12546766526215,0,0,166.10568020657468,normal,low
33.927026956138576,78.08925894538956,0,1,212.98100005166629,normal,low
20.142734306902415,32.055687431880294,0,0,192.31963998074474,normal,low
40.2217774083308,30.90840243083844,0,0,132.85907471938782,normal,low
10.0,85.43295452220178,0,0,196.0519269589909,normal,low
25.700519146083163,82.08610633418657,0,0,206.09320109824412,normal,low
20.623897496646826,70.5437455166223,0,0,50.0,normal,low
49.4798029569217,39.19587789037976,0,0,239.57205685591433,overheating,medium
43.76029244995103,22.885927099015607,0,1,323.08097003496226,normal,low
19.84168755955388,88.01146355337882,0,0,151.2694246990948,normal,low
22.519327025402763,23.66456892236957,0,1,249.41999659659,normal,low
20.84185303264484,44.251644668320594,1,0,169.17639318941966,intrusion,medium
31.555474851653624,83.72359263889273,0,0,182.78926942740884,normal,low
37.21113190501585,43.87994398918497,0,1,195.11458050438927,normal,low
17.340728153237674,52.28212073433916,0,0,165.56003193168567,normal,low
23.667810959147715,25.91695113702405,0,0,210.76617420604575,normal,low
27.23590782951089,78.53656756421513,1,0,279.40604900344727,intrusion,medium
59.96730201280284,75.09110126144247,0,0,106.91361992374092,overheating,medium
60.14489157233356,39.13748267292881,0,0,253.38657491534494,overheating,medium
34.86364040991637,26.61937127081275,1,0,252.52933890179955,intrusion,medium
10.0,67.02182207831561,1,0,308.1495361554695,intrusion,medium
18.372477972372288,71.79902668666503,0,0,251.82411741674156,normal,low
40.11469124048713,35.45542945449879,0,0,276.6322052186589,normal,low
32.03263104990159,29.184135945619865,0,0,267.64038481405066,normal,low
38.49272829114568,57.88786402295083,0,0,97.76449750366211,normal,low
30.27285778961266,77.48763196290646,0,0,148.96765907240825,normal,low
25.045533003007115,36.421720880268346,0,0,221.77805342131123,normal,low
34.136228489571145,86.99624710992721,0,0,256.8994399091926,normal,low
21.927109560543617,78.58773441940761,0,0,197.3180792139889,normal,low
44.11686150974433,60.12251602036602,0,1,294.73130422131726,normal,low
27.59935013922432,57.40185800215969,0,0,289.6324437919685,normal,low
33.00702609287355,32.22358624727434,0,1,181.91862565263807,normal,low
31.5991024937416,34.623647208448176,1,0,166.51487698556363,intrusion,medium
26.874636783417643,48.687184971926214,0,0,182.25716678551015,normal,low
32.65216591955398,75.55988915788839,0,0,200.65083576366112,normal,low
50.474905079557466,75.79535881869924,0,0,242.61940580482215,overheating,medium
30.02879889342931,72.97757684369624,1,0,204.69709498866928,intrusion,medium
22.238301604538865,60.49566242958187,0,1,155.87558321391674,normal,low
36.98924887993452,53.72173908251725,0,0,124.70188989270112,normal,low
20.884887960422592,55.48946627375176,0,1,248.68721798008144,normal,low
34.770343542625426,72.49963965651585,0,0,216.7833564415218,normal,low
29.589770169866007,84.25749252979237,1,0,248.36038632476703,intrusion,medium
44.10370941865641,88.95352999411931,1,0,145.62389601453043,normal,low
29.259164436096807,78.66570821570485,1,0,198.28088765220522,intrusion,medium
11.550926907012627,70.73055516772965,0,0,233.058516517636,normal,low
37.384033283627176,58.06572163423392,0,1,207.93718123058457,normal,low
29.96715080751895,48.92303043356402,0,1,266.62291605700136,normal,low
29.146084917466993,79.70550200691565,0,0,80.38966677136136,normal,low
37.828598092499334,42.07959062374198,0,0,164.06998448498786,normal,low
31.443889304804998,21.834330391494248,1,0,205.83528217334953,intrusion,medium
42.80062058716727,50.396120536460685,1,1,308.0966453507595,normal,low
18.454328989153062,83.92590187876189,0,1,260.5448849481503,normal,low
47.73437997416724,73.30713127866932,0,0,264.85828909621216,overheating,medium
23.343003488582646,56.41033157060877,1,1,192.32751887868864,intrusion,medium
41.76323097216431,27.797025928101974,0,0,238.97326716982454,normal,low
23.55219031830387,79.40313628993027,1,0,218.47179241524998,intrusion,medium
51.53713869315666,44.71007657712708,1,0,248.8970756548178,overheating,medium
25.02655403376705,51.7326702409586,0,0,192.698227162139,normal,low
12.947749096973126,38.78448095244426,0,0,166.24726210701456,normal,low
25.50579232796957,27.08317149931469,0,0,219.49335202499668,normal,low
37.941963189005016,40.32728603236852,0,0,169.40304956460272,normal,low
15.563935060809953,71.39790959244445,1,0,137.82365706248592,intrusion,medium
12.380418136947991,29.124617091450972,0,0,277.104022502443,normal,low
35.03040449578863,41.68481257898142,1,0,122.24467458504884,normal,low
27.1285008625555,31.154925793565187,0,0,116.71917664270762,normal,low
28.361120497023595,65.43403347112579,0,0,186.46347304205068,normal,low
38.48037700049796,42.62971433586907,1,0,197.23469008437658,normal,low
21.575946446215447,31.684925897533013,0,1,167.14529573237678,normal,low
26.46490529180554,39.57535646431314,0,0,188.06413860962724,normal,low
24.953654401438207,68.38623017976127,0,0,274.1409578815998,normal,low
37.55282778607722,45.459851475471666,1,0,183.2211081065534,normal,low
12.722577784378384,60.89862976408157,1,0,133.97148483609772,intrusion,medium
43.829540700697706,56.35823287162364,1,0,225.8264855248829,normal,low
36.9528005275428,76.14541904433892,0,0,224.4175901922036,normal,low
32.07717580479759,40.41205154439793,0,0,179.38588469296545,normal,low
10.0,48.71525429290663,0,0,268.2196709684831,normal,low
39.97475428340372,57.32021852026423,1,0,279.51588846652646,normal,low
34.63380729650394,71.27263232362591,0,0,156.3504821715955,normal,low
19.927185748370576,58.24247309381546,0,0,156.32047266009897,normal,low
42.4631171834136,34.04617053155947,1,0,182.72212481297205,normal,low
46.82865210905985,23.101711963045737,0,0,131.28822243465748,overheating,medium
29.851541888807102,57.20756639400326,0,0,210.08385439945732,normal,low
22.193422632936215,34.31012956091388,1,0,174.30804105192684,intrusion,medium
29.0083525800631,24.173113008257573,0,0,216.81547949131323,normal,low
26.14048226569948,47.641704704267546,0,0,212.94108463734707,normal,low
26.721056662910037,89.47591651428164,0,0,148.70725965789427,normal,low
10.0,46.622540131887746,0,0,236.34845595948144,normal,low
25.620170952462068,39.9059455901279,0,0,166.90638907887987,normal,low
34.53431007754269,51.64447139567321,1,0,268.8139665095708,intrusion,medium
26.729032312248005,71.13562409191272,0,0,246.27079700667852,normal,low
45.99125237997714,70.54192352086336,1,0,241.16757620218263,overheating,medium
15.309803667441395,64.41987544924108,0,1,223.10096116323072,normal,low
10.815614710953977,61.55230754222371,0,0,217.5098135550362,normal,low
10.0,44.96724828301552,1,0,238.6705872750068,intrusion,medium
45.98232769561429,21.009584906507797,1,0,149.58053051474852,overheating,medium
10.0,85.12395270214348,1,0,166.35300558895727,intrusion,medium
17.658539716377888,61.42728152413186,1,0,142.60743404597423,intrusion,medium
28.209309228685196,77.71723937921101,0,0,137.0011955898554,normal,low
34.4818588614846,47.05837242124913,0,0,178.2407451860293,normal,low
39.64020178336783,40.20520082163375,1,0,166.67670794038668,normal,low
16.002859292508585,25.170236477391832,0,0,246.22136031821725,normal,low
31.128286387038994,40.98599411672974,1,0,189.1986447343351,intrusion,medium
33.35701625639392,24.63056397957728,0,0,125.77072018979219,normal,low
29.12936766994882,40.35288136343719,0,0,272.71232680426124,normal,low
35.310785716537346,86.35744027818991,1,0,163.1013006438347,normal,low
44.66414576935266,58.70025836456128,0,0,169.4033077149273,normal,low
15.36723363762194,39.09182942403332,0,0,166.0395563162323,normal,low
35.2625384752771,37.06566840063556,0,0,293.11091000244335,normal,low
37.74695305246185,32.430756631379126,0,0,168.5297628497721,normal,low
12.066328488449763,71.24693181030541,0,0,265.94692734910046,normal,low
28.723169215583997,45.773310468861666,0,0,213.64400372355735,normal,low
34.99155039142627,31.598742525206283,1,0,123.30964723464594,intrusion,medium
27.567948702178054,25.789436126410788,0,0,143.93094701278974,normal,low
10.0,49.2494931476012,0,0,213.03638112462522,normal,low
23.1438635013969,35.76053226773466,0,0,167.24704980939418,normal,low
54.838339597918015,47.22903476188978,1,0,174.08540913491382,overheating,medium
25.647950992307536,70.3044938743175,0,0,231.07483853168878,normal,low
19.302958677478927,81.75205289219602,0,0,176.25483766448542,normal,low
24.711417835990837,47.5396001362374,1,0,230.92158866271373,intrusion,medium
27.845624625863138,47.03028734437004,1,0,174.1947150287421,intrusion,medium
28.138288231086328,26.008182143113284,0,0,230.25912403525052,normal,low
32.2168169668745,57.89995543167704,0,0,252.81573222367751,normal,low
10.0,40.61440725195593,0,0,273.7354188298059,normal,low
18.30782100522419,35.834394200272726,1,1,161.86260978597522,intrusion,medium
25.01506482491893,80.57045678215287,0,0,177.92757323928078,normal,low
41.87555477911198,54.41221829164211,0,0,192.76480310328304,normal,low
41.26975695982621,69.3407601578659,0,0,261.0366673580264,normal,low
26.034023225230502,82.97058387392997,0,0,181.01400005627787,normal,low
10.24649239927598,80.58395606270321,0,1,207.29021861789235,normal,low
33.79763901827177,77.48165185094996,1,0,69.15943148095172,intrusion,medium
24.014069175262165,48.22168205814526,1,0,182.01070809901702,intrusion,medium
10.0,89.48439253182393,0,0,237.17171020102532,normal,low
41.213327834821236,61.75938729580629,1,0,94.60530153294677,normal,low
21.771670136498635,66.96669210257528,1,0,184.57894280738032,intrusion,medium
42.517663225438675,78.45993346925233,0,0,153.0544857250274,normal,low
36.10182144878097,39.394396009958044,0,0,157.855588171401,normal,low
18.122871532638705,68.13193830680399,1,0,242.235942463478,intrusion,medium
25.06422350658959,38.83319652231272,1,0,173.3542909562153,intrusion,medium
24.480035235451655,51.52638568740031,0,0,261.7787664692819,normal,low
43.800281201603816,74.75375266596255,0,1,240.2615254559088,normal,low
24.65089162966187,24.87099839050447,0,0,180.71356974931203,normal,low
26.66088908346668,66.83932977071298,0,0,268.4743674104639,normal,low
29.333858334842,81.9441314380478,0,0,177.43415096191353,normal,low
14.337716909416347,20.508287093755417,1,0,199.49265263159842,intrusion,medium
23.525248121391662,22.103635530041526,0,0,223.03256566389157,normal,low
37.98174030671894,34.83806381632945,0,0,202.003651398387,normal,low
31.13218373100349,20.319128530191616,0,0,190.72843801529396,normal,low
46.38269321132315,34.84129100288605,0,0,306.63534511841505,overheating,medium
27.010465096052442,38.39661237106155,1,0,198.06749604740008,intrusion,medium
10.0,23.217022946615057,1,0,198.68678243041578,intrusion,medium
39.240083941961686,76.33587596746432,0,0,202.21087085193986,normal,low
43.06807808969546,72.20622664888843,0,0,204.77014456589197,normal,low
31.18417441030579,88.08610126744712,0,0,144.41795029851255,normal,low
13.674336996588046,47.24878709740479,0,0,219.56848637451455,normal,low
26.73117934710817,68.93905330587332,0,0,253.7828694234411,normal,low
35.176222490180734,46.14726809240865,0,1,240.29725167451664,normal,low
44.8997827961072,84.26584584717986,0,0,246.94147089079752,normal,low
30.269641571742074,31.123652873625836,1,0,168.00205628900824,intrusion,medium
11.947912617711918,37.4609501893865,1,0,182.33493941666492,intrusion,medium
31.019760037345076,37.24968732539092,1,0,261.54034873073056,intrusion,medium
34.60517094151794,89.97291702996787,0,0,211.30345549865905,normal,low
36.726249497914175,30.306667275492785,1,1,211.86997661066715,normal,low
34.41378608510091,74.42808080681912,0,0,213.36288502421533,normal,low
56.67887158710896,77.00699796997395,0,0,95.86910165054891,overheating,medium
31.60656475338869,89.07599679922103,1,0,273.7987341193736,intrusion,medium
30.479856043920456,68.6040111411709,0,0,207.21251950460254,normal,low
36.92249914591481,79.3630111707692,1,0,204.06880372114603,normal,low
11.165305668035845,41.87627831108368,1,0,227.28367805850775,intrusion,medium
44.95744883858316,46.84039465865672,0,0,188.04393685525255,normal,low
18.91168086220359,80.39528492592245,1,0,203.3952889286672,intrusion,medium
33.57754598049774,77.78640371599215,0,0,157.26708872088986,normal,low
18.389273642363563,43.24661119877902,0,0,163.55904118820368,normal,low
40.0980784137969,65.59267554960203,1,0,198.89198851402043,normal,low
19.136925741728028,78.14778218255267,0,0,243.56252432980835,normal,low
32.73655147008728,22.527797864273438,0,0,159.29469367279032,normal,low
34.366987604711305,35.958349996550005,0,0,183.66563436915703,normal,low
26.243552786293684,39.721517356846874,0,0,278.54333223100843,normal,low
39.796975442513315,33.60911707506763,1,0,267.80956008168846,normal,low
37.192228343746166,58.5331471976943,0,0,79.62113286050689,normal,low
21.6838915788463,40.905544696053965,0,0,207.59235374260996,normal,low
34.74689066126107,45.119191142718236,0,0,325.7475892156745,normal,low
36.39429023335628,81.01975137210985,0,0,212.08352604353402,normal,low
28.293111303396646,65.75286063117507,0,0,222.88863611565347,normal,low
19.36244489863677,59.61637303204647,1,0,193.97089331206809,intrusion,medium
36.1169026636041,75.78932334059769,1,1,196.12156905862415,normal,low
59.41780225762459,85.60593966601448,0,0,313.45452698838113,overheating,medium
44.27309322574014,80.66072214528383,0,0,195.78902952725971,normal,low
10.0,41.60527615593562,0,0,244.35757023784956,normal,low
27.880743626442495,24.738414761065236,0,1,202.11978157979556,normal,low
42.064501727838426,51.06948096341738,1,0,197.44298359606174,normal,low
33.43321480528453,88.07273976829086,0,1,245.95595441078868,normal,low
23.441852756481065,66.74500802603943,1,0,169.32893712377648,intrusion,medium
21.246921138974997,35.65291084894587,0,0,240.33175183665637,normal,low
20.316568122345817,69.85139493970802,0,0,280.6506430748604,normal,low
48.68368550898755,55.031251995562485,0,0,235.1744094852705,overheating,medium
43.63954620938482,72.11257677835943,1,0,225.84941227433586,normal,low
41.62947592134021,78.08810635000583,0,0,175.16420909796597,normal,low
17.399691984416716,65.10081053094369,0,0,115.54050337699435,normal,low
25.706978266615124,38.08225010235715,0,0,134.46608991362234,normal,low
10.0,65.23252452089417,1,0,295.9740482963881,intrusion,medium
41.043210631070004,74.59085975131008,1,0,200.91307058140757,normal,low
21.228743449528878,64.05453559673936,0,0,244.49381163216012,normal,low
34.99574736527016,47.04094419753026,0,0,168.00597082166863,normal,low
25.683227498220006,38.0379792471803,0,1,274.2654892254666,normal,low
28.904490073058092,72.5824288983548,0,0,146.17896621931436,normal,low
43.590046094337424,23.70398120922617,0,0,277.14443119970474,normal,low
63.48013051706247,26.829352305392174,0,0,120.71285590679808,overheating,medium
31.700987479705475,88.72715120733423,0,0,179.55999084340579,normal,low
46.64172281437909,85.9875339592025,0,0,217.43334499408687,overheating,medium
37.645094593201634,55.240944241397415,1,0,215.3140975569006,normal,low
28.12868040566502,70.97248273314278,0,0,245.86345250786624,normal,low
28.826330108283784,83.47142130096583,0,0,180.38950861378646,normal,low
19.114833858935683,46.79250125627432,1,0,123.71427437216568,intrusion,medium
26.82170434533313,47.3479312385043,0,0,177.05227799731495,normal,low
33.40563398522021,68.90290420859782,0,0,139.28785270196494,normal,low
22.795212460549074,82.82271055404678,0,0,212.89123358107008,normal,low
22.26542196534029,87.76849039722718,0,0,276.96356421978834,normal,low
24.946481906674528,23.963466243437047,0,0,180.5403980025657,normal,low
31.927017726299084,83.5249633796482,0,1,212.31651480040324,normal,low
40.54627328755408,67.86256892188035,0,0,169.42777372869372,normal,low
29.554206422190603,69.09761622773641,0,0,145.08677122482374,normal,low
22.01448363594345,53.30491470942123,1,0,233.6629383539431,intrusion,medium
22.69646948679979,44.75049308183293,1,0,253.11921477448567,intrusion,medium
26.528434155529972,48.25492199528703,1,0,111.1254454219917,intrusion,medium
28.56633381894721,66.31747667849228,0,0,186.6631908631123,normal,low
32.33871220182275,44.511197272652495,0,0,237.15005827654196,normal,low
31.927759395133744,50.89735485495488,0,0,215.2773236870816,normal,low
10.0,40.134472468475686,0,0,235.81031145111797,normal,low
41.6422089725891,83.81878702076608,0,0,226.2684623790259,normal,low
50.01644020408016,79.50065995566814,0,0,50.0,overheating,medium
45.458264051832735,23.545598412161027,0,0,168.55288313801088,overheating,medium
18.696902586387033,60.68427129689789,0,0,211.52249777851594,normal,low
21.561422970759867,76.17751907736945,0,0,251.0902620646287,normal,low
49.245692178271554,30.452420060637014,0,0,185.92896208621013,overheating,medium
32.19421053098816,22.745705468350955,1,1,272.32139534240287,intrusion,medium
28.778737822859842,51.212833343698605,1,0,306.7214947811261,intrusion,medium
32.997075527480945,36.339629498450535,1,0,211.59542360532214,intrusion,medium
27.510575918135984,85.70892162008032,1,0,273.81133422651567,intrusion,medium
25.21319105158633,69.44456160893732,0,0,210.86215600950771,normal,low
39.25250085076809,43.71974789360879,1,0,254.78523040084045,normal,low
33.973031741184805,47.037045223125986,0,0,108.43611871865284,normal,low
42.35507468428648,28.30361825713193,0,0,172.32492399299406,normal,low
46.63946725612625,89.68890173173361,0,0,207.68001380351978,overheating,medium
29.608252012365675,37.14776162031292,1,0,134.44448856297203,intrusion,medium
42.86365192901043,41.40798857422345,0,0,193.7767108199896,normal,low
31.797720171340522,86.69785597403835,0,0,216.66774219066056,normal,low
23.103888120778095,58.83501221668839,0,1,100.26515725719528,normal,low
34.302537653072925,58.310039615472995,0,0,216.16234821671924,normal,low
25.58757626668819,38.68988301928698,0,0,242.73638449582867,normal,low
35.761549976318875,31.486868631589118,0,0,215.91572395746854,normal,low
30.91948143598498,56.92918813223029,0,0,127.40944146543326,normal,low
43.863881836970094,33.95507140844123,0,0,188.56660033170903,normal,low
22.665969334642693,64.39583356234233,1,0,185.17375046656701,intrusion,medium
19.214738470064713,37.33421898910915,0,0,198.03422859447932,normal,low
26.595006043374127,47.070377752989266,1,0,144.26223259199247,intrusion,medium
40.41854153119765,38.29095834962958,0,0,171.19178652110276,normal,low
12.913550246861938,55.14951362301511,1,0,170.5843478390473,intrusion,medium
40.42327893769036,77.5677674043385,0,1,178.9261386324291,normal,low
39.68329343833952,55.760960701141485,1,1,213.84906189868215,normal,low
34.24742504997464,56.49596773944924,0,0,235.34603190322008,normal,low
36.98265844219967,80.34748142251786,1,0,153.86157971095457,normal,low
35.215550675427046,54.493368763037694,0,0,245.7749152060572,normal,low
40.49406146443818,34.67876927984243,0,0,219.53976988603384,normal,low
24.19961749912123,67.72269748439953,1,1,227.61049186707248,intrusion,medium
48.19779897827497,57.09000323943736,0,1,213.70194741588628,overheating,medium
30.447920128369834,47.98513292102595,0,0,276.8531289231357,normal,low
23.14588111314059,35.43079927813472,1,0,161.6879977584898,intrusion,medium
46.9742739026637,81.68037108125529,1,0,204.58205968760518,overheating,medium
28.17787759838505,86.9083296008054,1,0,201.29326896004105,intrusion,medium
44.273979664237146,23.139733223453373,0,0,186.60350971500924,normal,low
47.350445448292774,47.54442635787428,1,0,198.76107268292358,overheating,medium
44.8343389477288,24.761812391695557,0,0,238.8959753400439,normal,low
17.630277015453736,35.94965612789932,0,0,240.12331323759213,normal,low
37.583353202223755,57.01494396959269,0,0,222.85131195964604,normal,low
26.49204742269291,21.347860227189564,0,0,129.27706279635845,normal,low
30.27855175754778,53.854537999025965,1,0,197.7106553320958,intrusion,medium
22.7152185891002,71.65531820430668,1,0,168.61578178973937,intrusion,medium
37.14841384282373,61.57448591896305,0,0,148.56325123593797,normal,low
25.20014038021229,25.66545645054271,1,0,256.53674617393403,intrusion,medium
26.756749135519744,84.73012327310167,0,0,263.9579108519562,normal,low
29.01600818381436,65.30832486583205,0,0,203.4898630339134,normal,low
45.52656201149475,55.539390774676384,0,1,260.6141184034519,overheating,medium
24.179589298665125,60.62111659081922,1,0,193.01785611296503,intrusion,medium
25.859652723743828,88.9788174915752,1,0,183.98987152932247,intrusion,medium
23.8610856715915,24.53863498627983,0,1,147.44670452854825,normal,low
25.805628372311055,53.475359814698024,0,0,164.41500271541727,normal,low
27.18292238047577,52.62797348446072,1,0,271.2495980174443,intrusion,medium
52.52249507550513,24.68068488892077,0,0,198.99639621828234,overheating,medium
18.6606039315486,24.101721327419412,1,0,140.23489202526872,intrusion,medium
40.17722277025063,52.55812955742192,1,0,187.25037599551632,normal,low
18.701487550420744,56.50298630832757,0,0,153.60122889152353,normal,low
30.137812992284136,62.30387369511038,0,1,245.39340055966989,normal,low
27.200954502355234,57.34182190190436,0,0,232.8759491848031,normal,low
19.887755135405598,73.70923188766258,0,1,177.16328709456977,normal,low
33.68503306288669,47.19550510939318,1,0,322.2149815103811,intrusion,medium
32.948507295153156,39.897501338522844,0,0,168.0403202764639,normal,low
13.43312332819594,30.443980912418922,0,0,190.81556503528566,normal,low
27.560664728062598,34.62462088046205,0,0,151.13587421415144,normal,low
17.867567944615836,67.95634841946692,0,0,213.74451705071834,normal,low
30.611983931513876,88.37452331411005,0,0,184.16677491684746,normal,low
24.89690035620235,42.92101103549794,0,1,200.87205397324243,normal,low
29.55718451369805,31.799043380167326,0,0,243.3877421680867,normal,low
19.900883836584377,27.02561623371765,1,0,217.95964475646315,intrusion,medium
23.82067709240951,34.02719200577697,0,0,199.88297176667777,normal,low
32.19870042311973,82.93152579715394,0,0,213.14186957327553,normal,low
30.48338339638829,43.69586739252725,0,0,146.4603779525929,normal,low
35.136496629315005,72.11630158465746,0,0,212.0078341363487,normal,low
38.392602402862934,51.590874517966824,0,0,184.91799073059983,normal,low
31.595213712580016,43.92003700663141,0,0,231.29608754480884,normal,low
30.12353287248777,70.4698558938949,0,1,306.47831854058995,normal,low
27.885404973662105,79.68522342226194,1,0,183.08418591312338,intrusion,medium
42.81325341282539,40.31772189722953,0,1,234.95647680804274,normal,low
33.73652799912869,42.75150268415355,0,0,140.2541914392172,normal,low
28.77462226229457,70.96764485320219,0,1,227.45058812657155,normal,low
23.75450120968221,35.36299143546783,0,0,132.8963712425252,normal,low
28.734921272196097,47.970353600911366,0,0,159.9597371940451,normal,low
13.248668937062313,73.4353703264565,0,0,166.1112627838749,normal,low
26.481186331467555,23.290823833302987,0,0,164.21722368879915,normal,low
31.189837902277098,42.716252461686594,0,0,128.74096786626842,normal,low
26.689064296890493,71.54806763838684,0,0,248.0862920682563,normal,low
17.805692250284647,66.44438064535655,0,0,138.7992906714463,normal,low
39.005087395682466,78.48532192183296,0,0,198.88367790970892,normal,low
23.835764921119328,49.72102031383156,0,1,210.43539638381586,normal,low
18.26864726590636,34.86114506270247,0,0,206.24236880553272,normal,low
21.597665408062305,49.498732258293,0,0,209.09209568012992,normal,low
14.992734766313482,51.306369869937356,1,0,179.7663970925775,intrusion,medium
21.28050899468134,59.22776030230932,0,0,224.52653177741365,normal,low
23.768021936663658,48.88282696897775,0,0,275.4978493701559,normal,low
10.307817131673012,22.06682104431316,0,0,216.37613911575667,normal,low
24.12344432323004,69.99516991821412,0,0,274.84029157669147,normal,low
24.571984587939866,76.11690583119935,0,0,187.6788326442402,normal,low
29.474201581627142,80.36898808023182,0,0,229.4249263346944,normal,low
20.248347402555744,59.136879632172416,0,1,184.55227718753613,normal,low
25.568321181457737,72.07379937576151,0,0,220.78001891315614,normal,low
14.395071825566019,70.70983736641746,0,0,237.06212130989672,normal,low
24.6266692275872,74.58269972178692,0,0,193.1946120746062,normal,low
32.22069161383151,59.75380914751792,0,0,262.2084289651833,normal,low
10.0,35.22520229101377,0,0,223.49255513517605,normal,low
31.01037278932406,35.15957028718951,1,0,301.040679225997,intrusion,medium
21.867764529134078,64.30743330307727,0,1,239.50529543832275,normal,low
38.155100531811556,32.24050922606935,0,0,193.22535630652158,normal,low
37.513615215361774,40.09107665147989,1,1,199.48291250158246,normal,low
23.41122744763919,64.19148606384968,1,0,130.10782288152626,intrusion,medium
18.68715308342822,39.25506594764618,0,0,199.39192152023045,normal,low
38.17476819415778,38.79471113493422,1,0,186.15347073388497,normal,low
27.232524838479254,74.48058674639938,0,0,245.15909098258976,normal,low
41.39177869666785,45.306244347281975,0,0,251.7897184502605,normal,low
15.001886302428709,45.028811372957605,0,0,121.58082349024288,normal,low
23.149731883174216,45.052347659511,0,0,160.97587306246575,normal,low
44.03805386903393,56.15850117269029,0,0,170.25741688861996,normal,low
28.866857528761535,61.800345623474136,0,0,148.61176699788658,normal,low
28.35020859900196,24.674285868909017,0,0,183.2995681470967,normal,low
23.81548215027835,27.075903288561953,0,0,210.12624962605173,normal,low
34.77381815696931,66.62995170185351,0,0,288.69843118580854,normal,low
16.786835854402085,43.13379212219713,1,0,279.4321756985647,intrusion,medium
41.02803278957561,42.383763365204715,1,0,261.11390786363313,normal,low
35.07683127725652,22.75739620059097,0,1,214.51297328096086,normal,low
23.657283693207305,46.69949980755328,0,0,189.7454662002202,normal,low
30.41904353245438,44.29940908413367,0,0,253.3822127807435,normal,low
21.173125451977345,87.91433208162124,1,0,169.70770596946468,intrusion,medium
26.702622737402937,47.81760408043417,0,0,138.06035196046122,normal,low
29.797488266845466,72.11355868505544,1,0,240.6638325788529,intrusion,medium
18.857447945413266,47.114203978579994,0,0,205.06019405098985,normal,low
21.17818916937445,25.070851073079528,1,0,197.66176304186772,intrusion,medium
31.87838250079231,81.16074156811948,0,0,245.04311263832014,normal,low
27.234711294041304,71.66617074264865,0,0,112.91495237612166,normal,low
20.04823955589873,50.75103603629756,0,0,218.99841742266813,normal,low
10.0,52.86265016682044,0,0,203.9712278900796,normal,low
30.69485142835526,36.37201805271063,1,0,220.85182799760713,intrusion,medium
44.852006124360614,75.03367202059968,0,0,196.6582226023442,normal,low
27.935649446015123,44.02598492823619,1,0,164.92616590191255,intrusion,medium
44.010396983416335,42.096403237437706,0,0,158.86799543745238,normal,low
26.139019128544703,66.51442973039215,0,0,143.77384538915766,normal,low
41.99435419447411,82.88124877317203,0,0,221.122735771654,normal,low
32.4870735900042,73.38413563356086,1,0,171.36745911385094,intrusion,medium
20.395366650978865,79.14751518170067,1,0,237.63523926883477,intrusion,medium
32.14835314951193,53.012996016031124,0,0,194.78318556910753,normal,low
28.173555825634512,38.26175461608497,1,0,214.84182622943703,intrusion,medium
36.578451782142764,20.679355452541827,0,0,191.91860302592997,normal,low
23.147513412906118,50.611661991717426,0,0,132.67814834907085,normal,low
29.191794626360863,37.41146951121111,0,0,226.2208503091166,normal,low
21.26097179533886,42.21618261591626,0,0,226.38255872784381,normal,low
10.0,59.645647217771916,0,0,157.40861653582036,normal,low
15.929055874226105,81.00777447795586,0,0,188.4337308864565,normal,low
41.79032936038021,45.78960292529569,0,0,259.0795635066769,normal,low
41.99828647558886,30.93559973293559,0,0,251.5757989806322,normal,low
34.16735349088425,33.990778707429186,0,0,178.16803506476603,normal,low
14.41785038572209,86.62287985221064,0,0,230.6699407457639,normal,low
20.537673504790725,78.65856839624459,0,0,108.88071927652413,normal,low
28.33663990481321,22.453155238448854,0,0,198.22667973779642,normal,low
35.15747945285658,29.051499880199835,1,0,252.88971584374258,normal,low
51.95195483422907,58.98416970709737,0,0,137.9362204698357,overheating,medium
38.86706552815189,64.94681573427783,1,0,166.08850249075402,normal,low
10.0,72.4241704656824,0,0,252.86798403417913,normal,low
55.97000622442066,60.50279768645651,0,0,151.86503202147355,overheating,medium
10.0,40.57788665195046,1,1,162.08229047223315,intrusion,medium
28.900678226253692,52.82379098196135,0,0,206.66836297748125,normal,low
34.95237309205827,53.03936534733041,1,0,118.74542938282427,intrusion,medium
40.48403348958411,51.488903088281745,1,0,160.75050171711922,normal,low
37.37927043911099,21.038797176207954,0,1,262.0610552959406,normal,low
26.172368562702836,63.349980703236234,0,0,167.1182673110398,normal,low
40.00895877807791,66.52901094363389,0,0,209.01803570560926,normal,low
38.566002395618995,23.02828960857443,0,0,240.4766644013161,normal,low
22.494132160381366,64.1942499148376,0,0,137.6840946908723,normal,low
35.354502653234746,38.75776281744954,0,0,177.95901792878033,normal,low
36.553455825776986,42.50529195765928,0,0,206.57589308003713,normal,low
40.04885826354692,67.05957806295795,1,0,220.33480334719417,normal,low
39.178599808263286,88.89375323816726,0,1,206.35165580230571,normal,low
40.63577898973561,53.59763565661259,0,0,313.91057583812835,normal,low
32.9459209014717,73.9602375914215,0,0,177.65659560999907,normal,low
27.339540978555867,84.41788791734082,0,0,266.1725452804477,normal,low
32.115953631399776,24.82873243231292,0,0,165.65896079682256,normal,low
33.754219689540626,45.77231998454926,0,0,209.4564911917865,normal,low
32.58420576668531,21.20375656577909,1,1,201.0382970100066,intrusion,medium
41.27979598003222,40.87678683691834,0,1,143.16491175378533,normal,low
16.514561449266882,38.569955121665714,1,0,180.97080989656968,intrusion,medium
46.93770511105999,28.63753420414839,1,0,248.68976385928408,overheating,medium
29.134181088450852,54.94371897536793,0,0,195.68847909302633,normal,low
10.020750878322112,69.00650876223224,0,0,107.4544703739904,normal,low
41.33221101098294,53.02007704563732,1,1,202.27384540929265,normal,low
39.07275665108463,75.8906037030022,0,0,250.78359523757305,normal,low
10.0,38.22889145475308,0,0,268.92577364855975,normal,low
48.51305216538155,78.65403163493343,0,0,213.27455551572552,overheating,medium
22.26216614880612,88.07907755374514,0,0,187.1303277721214,normal,low
43.357633102333274,80.89116946368026,0,0,182.64628797602518,normal,low
32.16286765347749,71.9272702593972,1,0,260.9455057718085,intrusion,medium
20.766670639722566,86.41231938708358,0,0,183.9370236646397,normal,low
34.53706688169723,20.063686837548506,0,0,233.42851301398855,normal,low
26.329373278342466,23.053886583992636,0,1,95.22453470835639,normal,low
32.186884200642915,38.11882394469146,0,0,262.3615440263272,normal,low
20.66752142517894,25.604965652197826,0,1,214.24637801688291,normal,low
26.72157124078146,40.85836986055048,1,0,266.52517914100645,intrusion,medium
14.194747379184545,25.678562890319192,1,0,242.1993180597736,intrusion,medium
19.702566781874424,38.312221183923285,0,0,181.23816610373163,normal,low
34.66300670065369,24.46949336967395,0,1,212.82427596952616,normal,low
29.734208105553677,57.575456400783594,1,0,202.04919629536664,intrusion,medium
24.068946497176196,62.20322629509638,0,1,170.88329172105415,normal,low
33.01364027846689,30.315050872992956,0,0,194.5271985577785,normal,low
32.04896509629066,75.27673382623729,0,0,185.09986473455194,normal,low
42.98527335932863,88.48052146184477,0,0,124.34036939833835,normal,low
32.37531809993029,55.65816483012353,0,0,265.91044187832983,normal,low
34.80865955467384,62.36160941073741,1,0,252.59700086899517,intrusion,medium
17.699350185459707,79.96813850839519,1,1,163.57593680844673,intrusion,medium
22.14519606611171,30.10459799443715,1,0,215.16154813040768,intrusion,medium
17.287402791210738,29.76929709358182,1,1,190.76598638654607,intrusion,medium
30.69971245711621,59.785360979388095,0,0,108.19937366957171,normal,low
21.544022002292678,76.77520354121225,0,0,205.81812931709104,normal,low
18.14211410104188,46.843584170191306,0,0,244.904358047879,normal,low
30.331063976433256,32.005705513602464,0,0,146.09114705269144,normal,low
51.09643931358259,55.88463676896218,0,0,192.26678310488558,overheating,medium
36.734076214283526,67.1179502906345,1,0,186.76549511001198,normal,low
27.70678854563822,33.065396686337124,1,0,171.61898331822232,intrusion,medium
19.566798265349373,59.22180764976335,0,0,199.3013205717699,normal,low
21.823642728706062,22.31290371281988,0,0,154.86971753733027,normal,low
36.721618140614076,29.961183268581685,1,0,298.301525281345,normal,low
28.710552730464588,64.0194831825361,0,0,200.88133587557257,normal,low
25.62052323333569,25.114123534393244,0,0,206.63099518847875,normal,low
14.380656808645089,43.05512346861249,0,0,216.2562264885077,normal,low
13.303567257462777,85.3605432742471,1,0,204.03767898903152,intrusion,medium
26.121382148669568,67.14394129627524,0,0,248.91925389443173,normal,low
28.022338095629756,61.330710589469696,1,0,160.11915529037861,intrusion,medium
22.00544268074963,38.57245468700042,1,0,182.42028199764715,intrusion,medium
34.75753326370147,62.087575715778726,1,0,217.2762722930713,intrusion,medium
17.482073845207058,21.303839397465072,0,0,236.87691838010176,normal,low
25.56343053310735,32.05874405700523,1,0,151.42233522340356,intrusion,medium
15.27605404778025,74.19323558477052,0,0,230.84525182640732,normal,low
23.30893570397787,34.1981486289853,0,0,220.09838760256486,normal,low
31.83454217993392,39.35273525801621,1,0,180.2208478907984,intrusion,medium
35.34593418979972,29.077594141959445,1,0,290.4787932868702,normal,low
30.08102619973128,38.989688276271195,0,0,217.92050070779914,normal,low
20.72559379501382,88.78748658614614,0,0,113.31588108368432,normal,low
34.15967473023703,63.16671261135051,0,0,119.32072299417013,normal,low
17.08963100318359,23.701715823026518,0,0,215.10204594410288,normal,low
36.690996012520536,74.15208992929931,1,0,256.2057969500119,normal,low
42.084332854052995,71.25497707500459,0,0,51.3852868679472,normal,low
14.231808508033549,72.56166850660611,0,0,147.4474057033354,normal,low
22.8163140494677,48.32435756530857,0,0,115.21627125293212,normal,low
24.811508385569866,21.64098809197315,0,0,249.2446196783583,normal,low
27.16780749172576,62.883402762113796,1,0,173.20120722558323,intrusion,medium
29.31836110435148,66.98444530679134,0,1,218.85820628531187,normal,low
30.746112587837025,20.96069471442714,0,0,208.3266137323238,normal,low
20.567352304101718,80.8877249212083,0,0,134.67160215529321,normal,low
31.27805648684677,80.47481823005401,0,0,259.65714870558753,normal,low
27.37918542862414,50.36227286939099,0,1,196.13764823410375,normal,low
31.13919644853542,46.1608742076004,1,0,150.78864375600534,intrusion,medium
37.509609754280966,89.95714894257071,0,0,159.7448548290022,normal,low
33.03969499251729,22.13097222995391,1,0,136.38365766062196,intrusion,medium
26.890740432626544,69.56581701333954,0,0,148.04876563504865,normal,low
24.693934733480628,70.1505218303955,0,0,208.23201226681286,normal,low
15.280327338276775,24.87503917525695,0,0,115.9340336481744,normal,low
23.771787401055644,36.259322680792636,1,0,232.07439740125264,intrusion,medium
30.91978895540917,24.122111119478465,0,0,215.71803186758632,normal,low
12.502205695660368,76.28778403085916,0,0,251.9740587202096,normal,low
44.80934902584774,54.18535307954658,1,0,222.22179816762846,normal,low
23.218019036907553,65.26551473233324,0,0,172.89216796356982,normal,low
43.52996380356555,86.48642600428066,0,0,236.36337657122482,normal,low
34.49210419376821,41.84261051515095,0,0,217.60605238572526,normal,low
36.57432205716352,31.612931560519776,0,0,164.4612497072171,normal,low
38.08367025470507,57.03930303015483,0,0,211.53499804336013,normal,low
26.52781079627367,23.95564215183565,0,0,177.37404944054245,normal,low
31.585599622357734,83.83852875692804,0,0,268.5428477063019,normal,low
37.874419644093734,55.12890688013441,0,0,178.6379103328353,normal,low
37.44340908171004,57.73432127301264,1,0,176.4755958424011,normal,low
10.0,20.526049599420322,0,0,193.08334533552977,normal,low
20.00387974601768,80.15387872407597,1,1,170.1321512384145,intrusion,medium
22.463310744687476,57.5556757929054,1,0,171.2054956268185,intrusion,medium
24.270977062067555,56.589331842515975,1,0,269.356972434131,intrusion,medium
32.78751655978552,31.978109891785852,1,0,204.9433147429614,intrusion,medium
10.062807852476055,42.68836123847785,0,0,234.91438273427102,normal,low
24.81336202934334,27.481853656210323,0,1,248.47992599247664,normal,low
28.086680134281025,35.80700562025608,1,0,150.6918389474419,intrusion,medium
42.34764414590137,85.50055256866567,1,0,205.1912223072627,normal,low
25.59369497838327,67.607465608019,1,0,260.32517554650696,intrusion,medium
33.659996231304056,35.83476518697317,0,0,228.12589587849627,normal,low
43.04266329270538,76.24910394516766,0,0,252.65852839166564,normal,low
33.944504746713285,56.59657009014546,0,0,284.29756493297566,normal,low
40.27647487142015,40.02921673704404,0,0,302.39747770669453,normal,low
37.27886524350076,62.079095428089325,0,0,157.36533550723584,normal,low
33.811292304620665,71.28244856249387,1,0,222.30017909372864,intrusion,medium
33.732008970334235,20.36073046185869,0,0,223.35884046876058,normal,low
36.27477947012662,69.45183912690882,0,0,123.95810146779877,normal,low
22.677694586258763,72.90745865127423,1,0,210.32949868904095,intrusion,medium
32.460857775180884,60.39231432773848,0,1,141.8518833821253,normal,low
22.403504052440802,59.85603236709238,0,0,127.80541696463342,normal,low
34.960256925028325,74.74322905184641,0,0,220.88620797256658,normal,low
41.019444181686865,51.63187119881655,1,0,88.7796021256934,normal,low
27.226981984834307,45.55874957333313,0,0,230.02577624755457,normal,low
16.982698214190247,49.7686100465286,1,0,150.38375625839393,intrusion,medium
26.32833448135076,48.694108974693926,0,0,143.40062187445403,normal,low
47.70478710402036,69.12009811643912,0,0,267.97399100794837,overheating,medium
45.04324095516781,21.476663221924802,1,0,213.18088649102165,overheating,medium
18.27881873641095,69.5194493391669,1,0,161.8046285486302,intrusion,medium
22.56695899257845,82.69397693314129,0,0,169.03109843562757,normal,low
22.648478216301204,81.36291019205808,0,0,202.2610581883597,normal,low
29.704854511704333,38.57514409808826,0,0,178.2589283480436,normal,low
51.28429844677979,38.20282979573108,0,0,211.45911372915452,overheating,medium
34.324285450262195,57.1551721423,0,0,144.16143738939925,normal,low
33.89839188481528,54.79665884493816,1,0,218.65238189030111,intrusion,medium
45.423334087992835,67.28760519957767,1,0,217.92332432805645,overheating,medium
25.697836288344647,53.206064590565305,0,0,199.0738267317426,normal,low
18.3719488509214,49.00478891441376,0,1,179.3709687501539,normal,low
10.0,86.88024694993902,0,0,158.46650357348048,normal,low
22.46629225820966,61.667230308777455,0,0,202.88829063400166,normal,low
17.278861144750906,89.73471190684256,0,0,216.6082308722914,normal,low
24.908219321638896,86.95038876930938,0,0,120.51976707938009,normal,low
29.260646489154247,56.037316609871034,1,0,113.40476638809301,intrusion,medium
49.96411627810939,75.61726694368554,0,0,122.38848019259174,overheating,medium
32.51880395918857,74.72032500946455,1,1,277.43165085074287,intrusion,medium
36.4667313920441,25.8257078395609,0,1,185.52348145347145,normal,low
38.48822860366041,89.10154093884125,1,0,252.39655964823638,normal,low
16.682797212844427,67.82223327781247,0,0,138.43516094058322,normal,low
28.92581778120065,30.802442914897327,0,0,188.05367451078922,normal,low
28.903188559923404,83.02738427427147,0,0,215.59174878745677,normal,low
40.24114130512302,20.77503968233355,0,0,354.5817792079082,equipment_failure,high
31.962995421536483,33.390588057180736,1,0,160.47857856171615,intrusion,medium
34.910533681105335,53.95012030853355,1,0,165.20016029913072,intrusion,medium
34.16976145918376,81.85598414471454,0,1,279.1911210199483,normal,low
25.182767488173354,68.40954091688327,0,0,113.14133679955106,normal,low
25.13867185705223,53.97687306027086,0,0,195.0474732412851,normal,low
28.72362930451541,23.264238555940473,0,1,155.72869822546733,normal,low
20.774794503480397,30.30634305399465,0,0,188.23092598372529,normal,low
41.11501784980699,78.65876526626388,1,0,246.13004374865565,normal,low
37.86505720691994,51.02281355599093,0,0,127.60184359643823,normal,low
26.254003746838947,59.5874635194742,0,0,172.0893779175753,normal,low
35.26310310805868,51.59424184035993,1,0,161.1200910582286,normal,low
31.808210498714363,67.0396669359694,1,0,279.7646261140943,intrusion,medium
26.1479548365896,53.821596520983604,0,0,220.47215430246996,normal,low
35.34603668049789,28.024188851180146,0,0,98.16206354266863,normal,low
46.029676611603605,61.48080667762348,1,1,251.76075008540627,overheating,medium
27.066473362687283,59.43901761097404,0,0,134.22684799939833,normal,low
35.16439387952143,54.88144118551667,1,0,208.06834829677777,normal,low
19.579628637868677,88.50006974851794,0,0,166.5387404398357,normal,low
33.00090459538916,22.95997724623615,0,0,291.36835879007697,normal,low
42.29476274271141,47.49758978512932,1,0,223.39709719838672,normal,low
19.97375437026915,28.23987339914944,1,0,260.377281866962,intrusion,medium
21.572680983027773,20.921357728532946,1,0,189.0011582749147,intrusion,medium
21.21625010201651,88.13011837935602,0,0,227.79687784906267,normal,low
25.944318467602603,76.63794056545103,0,0,270.81034540739967,normal,low
17.62070699752669,62.033078678465365,0,0,241.8051715495373,normal,low
41.22805169105464,74.23641046340023,0,1,220.95007177157194,normal,low
12.304503566765263,87.1437989089166,1,0,199.17169090375876,intrusion,medium
28.251908263531647,79.9037113895817,0,0,158.5945694304704,normal,low
21.952932488284773,39.039857043609665,0,0,101.77029684321553,normal,low
41.89454109451634,38.28107887702751,1,0,119.83992578420548,normal,low
55.08566731277503,76.14925928427314,0,0,198.35511401042612,overheating,medium
43.1682153086672,73.45375741787751,0,0,190.48646504556942,normal,low
10.397449136916453,48.11815438651624,1,0,176.3156530966295,intrusion,medium
16.751816554069936,67.47350535920431,0,0,221.57419826702804,normal,low
10.0,71.76393289941804,0,0,218.80959198516354,normal,low
22.698573657777118,47.36141608107829,1,0,261.67458414514664,intrusion,medium
25.05457788193075,44.99211607993263,0,0,193.96375023152126,normal,low
28.716160275772445,87.66043598307375,0,0,238.67805899413224,normal,low
43.66857741487426,50.78277116527737,0,0,198.6138600592143,normal,low
40.367370482434715,27.39198811338066,1,1,259.2074714623954,normal,low
19.088559880849957,25.569854974546253,0,0,150.58264769622488,normal,low
27.292727138504574,50.71644202988125,0,0,174.96325039209555,normal,low
34.016158483660256,86.98358215907429,0,0,307.1287733768461,normal,low
29.188177567491675,72.98998477051262,0,1,220.26751953004026,normal,low
23.60712656536834,51.26269163814105,0,0,170.5144446636574,normal,low
11.62872758487034,77.91814169689101,0,0,229.83082587408938,normal,low
16.50029775725097,53.91558216600492,0,0,148.47470949087,normal,low
39.718318369994705,88.57410908419719,0,0,148.28323643479797,normal,low
37.71422574774378,64.84326438901459,1,0,216.19045277215022,normal,low
43.3429266106636,57.137121430888214,1,1,197.8637981807988,normal,low
10.0,53.626836311542995,0,0,271.6029408579371,normal,low
21.565051933494956,31.09135997951607,0,1,238.2299987098704,normal,low
14.353197384858163,53.164169150275754,0,0,209.67117266541777,normal,low
28.538752874124327,45.52215697414262,1,1,212.74211215240987,intrusion,medium
21.55802789603412,54.14584179735496,1,0,284.6424024661969,intrusion,medium
44.77620592006117,62.30151796785802,1,0,144.70247029856336,normal,low
19.031004637384846,24.39062115196794,0,0,196.10891732692616,normal,low
21.61501254430686,47.91749216969617,0,0,172.14556189824086,normal,low
28.311536541308506,59.22930782378605,0,0,249.01889995977044,normal,low
33.61652462253386,57.60968013390039,0,0,214.0452231052111,normal,low
24.889614681120076,27.70782294944381,1,0,194.64293956036173,intrusion,medium
31.42938070879641,45.81771848395969,0,0,204.72282332198304,normal,low
30.17481116530815,62.38325430138404,0,1,239.6635688617507,normal,low
27.354055647259884,48.95828858191389,0,0,188.02073603881155,normal,low
31.515734083748438,61.17793008063988,0,0,195.63794544405306,normal,low
22.75244717309822,72.52300886863765,0,0,225.18197625660443,normal,low
46.762026159651455,88.43188273646115,0,0,245.63674367251232,overheating,medium
32.642826942503135,39.53434018164076,0,0,104.06161717111989,normal,low
28.449348954331725,84.9803241035552,0,0,246.20514417407628,normal,low
32.8084648930995,46.30282929484319,1,0,188.5682716668763,intrusion,medium
36.05258865859898,40.797972910004596,1,0,259.79063964189004,normal,low
23.79230856303719,86.94233515268726,0,0,157.44630452676435,normal,low
15.732665707096503,59.26454176593533,0,0,167.34441115152762,normal,low
41.81056082333056,46.369264800681094,0,0,228.60385473328628,normal,low
28.21558647671227,77.64301880362027,0,1,201.73678946515088,normal,low
18.06027740334539,20.557328721718115,0,0,252.28288847550334,normal,low
31.5784499254387,31.658109160096316,0,0,171.40574046920523,normal,low
23.820586335597646,58.97446644183689,0,0,145.94915806990758,normal,low
48.75231145121883,37.375703147063774,1,0,235.74064461476104,overheating,medium
36.90363060190983,73.03732173760571,0,0,247.1325981638171,normal,low
16.687853165454953,80.93731311692684,0,0,206.18750697685383,normal,low
32.916646145997284,48.09665726142063,0,0,108.63434414011451,normal,low
27.766103718829825,39.14369658357576,0,0,191.41333728937414,normal,low
35.82821727660058,47.17808631360138,0,0,216.45844161915133,normal,low
17.909151221050866,59.11415867223289,1,0,201.06849949759098,intrusion,medium
30.89412577070262,79.53148244100599,0,0,196.28192889639377,normal,low
32.8635335092399,52.97126874772938,1,0,117.64011004301838,intrusion,medium
44.77835622248926,86.67351217228618,0,0,209.57160669761217,normal,low
26.107858816014897,25.24615510306977,0,0,298.9987773460307,normal,low
30.577833602266544,67.40093303975813,0,0,302.81170527180933,normal,low
29.918258603101883,80.24235951767022,0,0,214.39123051415652,normal,low
21.883526427896044,56.94495830938477,0,0,146.52368994866282,normal,low
32.3787529737334,23.26113173046421,0,0,185.97408866331105,normal,low
23.48673866291628,21.164883179859295,0,0,278.6970278840018,normal,low
26.332466862580695,87.44355041231248,1,0,197.03456272177343,intrusion,medium
38.45491608750581,46.7798694952932,1,0,96.41711715854481,normal,low
40.10897493401382,72.51811979462897,0,0,290.8193053798991,normal,low
28.785787452078836,82.38379730304285,0,0,178.20083338046416,normal,low
33.986389472140054,52.96414610243883,1,0,188.35435291505874,intrusion,medium
12.067615798318581,52.39542033696111,1,0,151.02801200848774,intrusion,medium
46.603386402344725,45.95783132509495,0,0,146.3290342079549,overheating,medium
28.86130348514627,76.48878515867355,1,0,238.46309474064535,intrusion,medium
24.018319910111583,69.85922217483571,1,0,187.00385079704512,intrusion,medium
28.895352977596346,38.372698790637905,1,0,249.23689651812532,intrusion,medium
12.90756347289678,24.28755750440217,0,0,142.93561481166122,normal,low
25.249846315887808,72.85026664482508,0,0,275.3435616555985,normal,low
42.66478554763728,77.91653474116112,0,0,272.1857587819789,normal,low
29.842368568742444,53.12657372761256,0,0,120.48881809348141,normal,low
25.92830622790984,83.37654121816786,1,0,190.31234890341662,intrusion,medium
19.988669915697457,70.68939610953589,0,0,184.885283194734,normal,low
17.96152050859765,84.30805681871891,1,0,276.99466778040255,intrusion,medium
26.07642240724988,60.372417684886315,0,0,196.42024787777115,normal,low
28.107022955394164,66.13708792211429,1,0,230.90025575361804,intrusion,medium
23.233283886196663,66.82935766685065,0,0,173.12300087609034,normal,low
30.748423743504873,45.40929193659299,0,0,289.27876808210254,normal,low
33.915207326380624,58.34238254779366,0,0,241.89496190244378,normal,low
38.23871344673311,59.450575747953444,1,0,252.21091638605918,normal,low
27.369977490467885,43.749099137264466,0,0,175.8302801640312,normal,low
30.185338417460397,63.83289386722216,0,0,105.3912835014373,normal,low
44.754698181439366,36.3515670588739,0,0,170.23864341935717,normal,low
21.75824895953411,64.71063693883599,0,0,184.3193000154577,normal,low
26.049883068619554,87.13891003881254,0,0,241.02200392087292,normal,low
29.051451087319,49.380040852692005,1,0,97.0741970857915,intrusion,medium
34.984301671740894,33.48767934228766,0,0,196.36866377798484,normal,low
44.49093861385884,56.216682059917005,0,1,220.20162119200836,normal,low
23.888894817130726,65.28517404953585,0,0,172.1047817662836,normal,low
30.796763986468456,47.170498326730936,0,0,179.65831543560142,normal,low
10.09236331385696,63.70787461619293,1,0,151.07149830326392,intrusion,medium
17.643010131957574,34.893193170553815,0,0,190.32446736515107,normal,low
31.755626397591428,60.33728623121295,0,0,256.11538501630207,normal,low
33.179697179925334,77.19051021841452,0,0,237.89839688465182,normal,low
28.343566611922594,67.24000964049678,0,0,182.10269235658754,normal,low
37.58586668876006,69.50413357926601,0,1,165.575585805947,normal,low
22.611447913978626,86.65784856494058,0,0,200.8424624794387,normal,low
22.57456614571441,58.82314287866908,0,1,227.2695658084405,normal,low
30.02305489643899,35.489033905237335,0,0,125.70529307742187,normal,low
13.210742154671642,50.585364513420814,1,0,227.48568185757193,intrusion,medium
33.3827389342015,82.29426835526456,1,0,275.82220509030367,intrusion,medium
21.652242045586217,48.72702790971575,0,0,169.22665910493635,normal,low
31.837168594169686,28.15238351841439,1,0,274.8740536321955,intrusion,medium
28.002394949794315,81.08117362029961,0,0,223.59499109563095,normal,low
13.030472958637379,22.520787560647044,0,0,157.50670254306874,normal,low
54.64244699636204,49.89714845014345,1,0,196.87450454321896,overheating,medium
42.20889090102945,78.74079130144,0,0,200.93652096689922,normal,low
22.791293591861805,70.18205281329543,0,0,206.86296697514786,normal,low
26.279987523584886,68.06934430697979,1,0,88.9984494407588,intrusion,medium
34.93935181318754,21.352688693061395,0,1,196.47069398490302,normal,low
37.52392265180154,80.76579938746502,0,0,160.6024284808697,normal,low
19.675277698338007,46.32835426168486,0,0,195.16934874101872,normal,low
36.250553105692866,76.37038622148147,0,0,174.5685300903318,normal,low
35.22077189645325,39.6868032325269,0,0,313.125592125339,normal,low
44.37394491418574,79.04375134084654,1,0,219.58977793171925,normal,low
39.082915575773995,32.606731661303805,0,0,181.39006749470275,normal,low
45.81581238293218,36.88340668846611,0,0,228.56389661747968,overheating,medium
32.682662063434016,49.59074008672948,0,0,192.06192434047125,normal,low
18.967751658538045,37.35206279639441,1,0,201.07953267371536,intrusion,medium
24.245825381474624,75.80000736109787,0,0,223.5670134285104,normal,low
28.213820376651068,73.4886568665186,1,0,177.42356530716842,intrusion,medium
26.153162147590663,48.81798594067453,0,0,309.5063164739498,normal,low
46.09608554825921,76.61803873999594,0,0,194.49743708608096,overheating,medium
27.740773802303003,50.192355636786644,1,0,143.57903312582465,intrusion,medium
47.847583554867725,86.73270915865518,0,1,228.39464114719007,overheating,medium
37.9889804205638,38.802171076267605,0,0,252.88180048391627,normal,low
38.14370724891275,37.96937575347748,0,0,237.55627993602224,normal,low
45.711200681714004,74.62344702004819,0,0,191.53617291254892,overheating,medium
28.914523123961704,88.45449553023384,0,0,245.07075128432285,normal,low
27.393926980562156,36.86104125882753,0,0,226.8502529082922,normal,low
47.05820372560645,76.78060245748257,0,0,123.47226046891345,overheating,medium
30.115272575492526,21.009165880706618,0,0,109.69739910682578,normal,low
13.743516964915003,61.11688617132664,0,1,286.2068926663916,normal,low
21.31666344436958,36.40584946108637,0,0,211.89407853708573,normal,low
10.0,40.14615409702814,1,0,175.92771289616763,intrusion,medium
31.40760259064327,75.15388383894526,1,0,209.41495682520852,intrusion,medium
29.844103730439446,44.349393849483135,0,0,148.3676213526678,normal,low
10.0,31.451306012023736,0,0,107.82046523582713,normal,low
23.567821584901232,61.747237923034135,0,0,110.36034821862583,normal,low
27.03017580180086,60.177315794433234,1,0,278.5661687608461,intrusion,medium
22.80087965429387,40.991590509286354,1,0,107.03692756860751,intrusion,medium
23.242375268336886,46.10577614249891,1,0,206.25019435730707,intrusion,medium
34.9292571938329,35.064161816510165,1,0,223.1981994717962,intrusion,medium
33.40686454547436,39.762424439973756,0,0,111.00663487522795,normal,low
17.22420726299773,36.3878444907961,0,0,233.81349009419583,normal,low
21.3766697381583,74.70405112853905,0,1,235.95778149445172,normal,low
38.79802908153545,88.63473918659437,0,0,181.1753556663754,normal,low
44.035789475637166,79.89297050605902,0,0,188.90307872351588,normal,low
31.001075666394872,52.11549084807636,0,0,251.06532920657332,normal,low
12.413050223824378,41.78992862869393,0,0,203.01148027135312,normal,low
25.186735710745076,79.44871224974207,0,0,271.1607055847659,normal,low
13.654687108170776,78.55398020011714,0,0,225.25448086374007,normal,low
27.751476832009196,89.40327765468169,0,0,200.94634841151057,normal,low
58.89138696370124,63.908611682733216,1,0,232.4267895593437,overheating,medium
53.89966136602037,69.94586964681005,0,0,191.5053752655125,overheating,medium
23.004422971484896,74.54195569472913,0,0,237.3037936573803,normal,low
36.54358146554818,87.02834011476389,1,0,239.790509267319,normal,low
31.881119131944452,40.868032467196535,0,0,190.78898454921776,normal,low
24.769725646649057,57.45682059110994,0,0,173.6811865885711,normal,low
30.67846529761744,24.85194322067336,1,0,131.6649157889583,intrusion,medium
39.924515740981604,64.56100496235332,0,0,182.96030620102266,normal,low
27.057519486460578,76.81030858614292,1,0,266.7385043749616,intrusion,medium
16.219162997216756,32.25202247773062,1,0,119.18775725643825,intrusion,medium
26.94503657144183,24.721003772642067,0,0,166.24446275024042,normal,low
27.071434331324397,58.10626169778432,1,0,251.29348252228652,intrusion,medium
52.144364875086055,81.41450710225692,0,0,277.01438784886864,overheating,medium
30.867555792301523,71.5952706362855,0,0,174.57009270608387,normal,low
43.85680598821537,61.15934737156305,1,0,188.4319553146056,normal,low
37.145466709994274,42.14732192375139,1,0,218.87874535996428,normal,low
21.779519090639877,44.580460850209974,1,0,246.51210369504847,intrusion,medium
25.175371419474942,70.82316107936853,1,0,203.8645839314359,intrusion,medium
43.45722403246632,22.163447374125052,0,0,207.3838422102462,normal,low
32.21940753799157,46.6553615902133,0,0,169.5502267851779,normal,low
43.23270995823757,71.28456859288315,0,0,179.35785267594315,normal,low
32.67899244912206,21.62494112042422,0,0,121.18373328728683,normal,low
36.51309832293862,31.632424658955863,0,0,217.2638573346068,normal,low
36.054968797304,77.07058238595204,0,0,197.2823435110052,normal,low
29.58173266576776,59.74270266387754,0,0,258.78780316519794,normal,low
25.79870995017488,23.96578566264526,0,0,179.77443301214439,normal,low
35.018482428743305,51.842363676421,0,0,296.95418271386853,normal,low
13.545173373696024,79.16113461174713,0,0,240.50915725728805,normal,low
26.86089653207835,63.42997101229006,0,0,206.04149943601647,normal,low
23.20699202964836,39.295135219857194,0,0,232.16560890571105,normal,low
27.490386920615848,81.64748455351437,0,0,245.9597737748853,normal,low
29.155643974452083,84.6196040470356,0,0,261.2273799440521,normal,low
35.5555242297586,24.37606745669436,0,0,147.79116395559114,normal,low
34.479370667738486,73.12644073178241,0,0,171.83659732458133,normal,low
29.039160589697357,28.417660277671615,0,0,97.7321964607476,normal,low
42.854567524014726,59.27622950207563,0,0,141.65659341081505,normal,low
30.04086346465716,58.064012609756674,0,0,168.1590052265751,normal,low
27.564637800771038,79.803892846628,1,0,239.68022947786716,intrusion,medium
43.77580417491711,89.62644728041147,0,0,181.06122000683175,normal,low
10.571518607544213,49.062217676481964,0,0,233.74390459886536,normal,low
32.57803915263533,60.98548001648803,1,0,231.73158048523544,intrusion,medium
39.471704286585464,63.419194072564004,0,0,280.227784615648,normal,low
26.95844352046786,86.93555903458834,0,0,246.81149198190548,normal,low
10.0,52.911672485645184,1,0,167.7729944268796,intrusion,medium
33.75236314038218,87.40164684416443,0,0,267.14461784080777,normal,low
24.938392524184298,67.72838813163608,1,0,270.4916890596335,intrusion,medium
41.269198109889885,23.809398223463557,0,0,184.4770244342264,normal,low
28.86535647148123,47.50477304524861,1,0,191.16860889826947,intrusion,medium
39.92825228782895,81.07245703067571,0,0,246.61700064510782,normal,low
18.249067537646866,88.06626087318729,1,0,266.8524781592753,intrusion,medium
36.13018624930348,66.43873946664723,0,0,266.68761202381916,normal,low
35.093490804900924,82.96986750941218,0,0,224.04661120674942,normal,low
23.67402152898834,43.875374314508406,1,0,94.06602107569786,intrusion,medium
31.396249735442574,44.86163539032063,0,0,292.33035440764445,normal,low
29.06469824281951,28.714076448467857,1,0,268.93958950001814,intrusion,medium
32.84919850257084,81.80796138256018,1,0,169.41875059227618,intrusion,medium
33.569278385445806,29.92623144601782,0,0,150.61602035529523,normal,low
32.48819758400611,55.838526732612536,1,0,210.38486654472499,intrusion,medium
32.21654667976777,82.87827923389145,0,0,186.92783279997863,normal,low
41.55292790270957,56.905030698735345,0,0,243.11461471363725,normal,low
27.344643445516525,34.005050863858486,0,1,236.67651061470005,normal,low
24.867954817516953,25.167840931302166,0,0,109.34571957651389,normal,low
25.663595825874,55.15344813251653,1,0,197.08952910912356,intrusion,medium
40.14494690680309,68.95918307470933,0,0,203.25036307014742,normal,low
32.51480644032662,53.92047919876756,0,0,184.20244726664342,normal,low
44.316793621472094,70.95159683508987,1,1,177.29548885387558,normal,low
24.00973677449057,33.07115557147126,1,0,239.2394142977343,intrusion,medium
18.28181434475503,89.4453574042852,0,0,262.9648334871421,normal,low
44.83503136572331,62.241502256381025,0,0,189.8942799271091,normal,low
28.85498812966771,25.807634697006126,0,0,166.99907376311597,normal,low
20.06470187583674,26.154117500314584,0,0,300.22564796338156,normal,low
25.29546988422336,75.410413694671,0,0,171.02633212908384,normal,low
10.0,31.706177255984286,0,0,171.65000847673136,normal,low
30.77555975469679,54.2470132692343,0,0,243.74186072162303,normal,low
27.924331254113643,26.23414587169081,0,0,309.50530386256196,normal,low
25.54219128338941,77.71558215500843,0,0,141.10776876316592,normal,low
22.54534260368927,40.967284994771305,0,0,93.99949178090571,normal,low
30.29580219028902,86.18914798256566,0,0,212.43886278854697,normal,low
22.827117141273817,77.65543213208856,0,0,203.52625580451087,normal,low
35.70577556852375,86.75196725262764,0,0,178.98853524076875,normal,low
36.811526104304114,85.74600091973468,1,0,139.63560476157582,normal,low
32.06758165048066,48.311088372918775,1,0,266.5039685924562,intrusion,medium
43.21327177744119,67.80919934838056,0,0,238.63599545536863,normal,low
36.553554259185525,77.86156189178539,1,0,144.4043061227362,normal,low
22.332694556965908,64.73854773774522,0,0,241.67879073850102,normal,low
43.89446946398665,28.56881292352882,0,0,144.48523146815702,normal,low
15.6681567752528,27.14263869851768,1,0,169.8803045825531,intrusion,medium
48.36401972438401,41.395782650099505,0,0,180.3148918997908,overheating,medium
28.575669689920673,40.30608473204964,0,0,185.62889521339997,normal,low
13.82116233784236,23.489412097447804,1,0,232.66539074862675,intrusion,medium
31.91684061930304,59.674878352688474,0,0,244.5028742314665,normal,low
27.71620536291884,84.8603422706657,1,0,234.25107980178825,intrusion,medium
40.44726350682628,62.67378381549403,0,0,229.9881969912737,normal,low
40.94283397384625,70.36086036126659,1,1,208.09439483001097,normal,low
28.532267679633648,36.26851761462581,0,1,136.20769195557713,normal,low
21.29550235456327,66.26210415701745,0,0,109.11737000793512,normal,low
39.282203678886994,43.35148259153142,1,0,213.43935831679448,normal,low
19.92821832057939,29.819195814685553,0,0,165.9274114902184,normal,low
26.592985765030914,23.001509239917553,0,1,145.55943246626487,normal,low
21.15800128690195,22.17812724986849,1,1,216.5489691308316,intrusion,medium
51.5076159186047,67.33240653461588,0,0,95.16826463151142,overheating,medium
23.211224101262843,28.68911726403309,0,1,227.98634130618765,normal,low
43.94670456939934,59.518264129416686,1,0,224.9293221983975,normal,low
34.277107153940364,57.58994323156928,0,0,186.49441293841164,normal,low
32.319594969100265,70.21308050326695,0,0,169.3481775347683,normal,low
36.944447819009206,63.23852904735581,0,0,192.16809754174662,normal,low
22.730534643932856,45.19923615031329,0,0,155.30088312339183,normal,low
28.403493498792617,77.09202740936466,0,0,184.5024718736076,normal,low
23.097465789119887,46.94439788952001,1,0,193.06782833621068,intrusion,medium
21.252270690172104,86.48445943715765,1,1,148.903719556469,intrusion,medium
38.90138493764367,53.3269119105434,1,0,232.78755154094853,normal,low
31.003709481645075,55.7854157399377,1,1,179.95675569068686,intrusion,medium
14.681153151308152,20.293007885258294,1,0,125.16318098964038,intrusion,medium
28.49466908142523,23.591615209226767,0,0,213.60426911828284,normal,low
32.01754830721881,75.17172223571885,1,0,243.22062717313952,intrusion,medium
25.727454862010845,22.71628191307374,0,0,251.29050825076294,normal,low
37.524174876350685,81.45968909679098,0,0,193.4610939172613,normal,low
35.43644095469921,34.91098320204513,0,0,258.53005942468997,normal,low
23.601302585013077,62.470532750187786,0,0,217.5487549169718,normal,low
29.661984113168227,67.5367147459187,0,0,203.6762952215634,normal,low
42.43339632109318,26.455085940670784,0,0,233.972098731719,normal,low
15.62590856768266,38.684041742317476,0,0,129.8785170198135,normal,low
42.604697695581834,46.947328381661265,1,0,115.89535192380005,normal,low
22.770568738050727,63.98811653604711,0,0,159.0002541215333,normal,low
34.31285085265772,81.73365812370321,0,0,245.3232830336151,normal,low
14.277315063231864,74.92781347328916,0,0,191.44765589219995,normal,low
40.65478862648694,31.402040783844637,1,0,188.43064119245588,normal,low
34.17273496226059,79.0868022369826,0,0,212.48915656687603,normal,low
21.801753720535267,77.2234358031667,0,0,210.35123378600528,normal,low
48.95344489888298,49.048500668459724,0,0,122.69351356303149,overheating,medium
34.94173306971184,62.3551625974669,0,0,265.30912888122845,normal,low
37.08791458255494,80.75459082698437,0,0,310.1860058623309,normal,low
25.28607475584291,85.93191061075693,0,0,221.68119780094494,normal,low
31.98952656628071,26.91123025825109,0,0,250.17241204954016,normal,low
24.555465423497417,59.756309956090114,0,0,257.46773543744644,normal,low
20.369876154978634,23.507817433685737,0,0,241.7541000600554,normal,low
35.95190560798803,45.676059771836826,0,0,133.3053984459752,normal,low
43.41378569833244,48.86382361921866,1,0,255.27417565142161,normal,low
33.39730018949239,47.45190851997024,0,0,121.61432563194674,normal,low
22.650000925491636,67.9801687202368,0,0,166.4265392769815,normal,low
38.105784798472534,49.03769377445934,0,0,172.80256148193078,normal,low
26.058946820507607,23.171492961013985,0,0,217.61027474878932,normal,low
37.45860456359581,73.93567210225928,1,0,282.6597407872279,normal,low
21.613406500240643,48.112188459906534,0,0,169.7248150298977,normal,low
33.066134942491665,38.157546002626674,0,0,110.06100640441925,normal,low
17.16802712722474,29.313271444896735,0,0,254.47579451042182,normal,low
25.217460979488717,71.73984450320518,0,0,161.2274855760412,normal,low
48.708188461353686,31.546562581492175,1,1,134.00925820629274,overheating,medium
31.454333706139007,66.324859556437,0,0,273.06720049176283,normal,low
13.245603504938991,32.76305229394988,0,0,208.7845372658202,normal,low
30.32013815970886,80.66522316051626,0,0,158.78242661088402,normal,low
41.612378968055005,64.49563435406546,0,0,179.13883690970005,normal,low
28.676698950412323,75.68936820977223,0,0,236.08217628577557,normal,low
37.52606812794123,40.490529010287716,0,0,242.19512517369955,normal,low
49.07002868442383,32.74026531469684,1,0,273.44690331041875,overheating,medium
23.973690333629897,57.4452269216871,0,0,210.03326954667048,normal,low
27.9574039390482,37.96404181889324,0,0,254.74820418495617,normal,low
48.32443647524197,83.06908189434992,0,0,210.80988691561623,overheating,medium
15.39236528754511,40.81796693374262,1,1,187.27020639112936,intrusion,medium
26.731304812192697,87.7387028633443,0,0,211.5122184850537,normal,low
29.694499082799,84.62349371403613,0,0,200.9907640535607,normal,low
27.393140782777294,52.77034126116667,1,0,223.48041032301495,intrusion,medium
52.79983641328817,57.42354068571856,0,0,229.2024419777379,overheating,medium
42.73475043793065,31.563222218455536,0,0,184.70305704322345,normal,low
12.038621404055071,85.57364120860483,0,0,173.28994762767246,normal,low
28.9251500017963,69.22196287531125,1,0,165.11261544475167,intrusion,medium
27.84099270357532,47.317312875476674,0,0,79.85483702471284,normal,low
30.82491734215723,52.34853017253001,0,0,218.18905201809594,normal,low
23.620811848979603,47.17934941694415,0,0,169.8032886318092,normal,low
29.47645454203155,79.188675027893,0,0,192.41783861996313,normal,low
36.394771712589595,31.291890444386322,0,0,174.3999747558074,normal,low
39.464336600683495,63.08767307261779,0,0,263.88245539495716,normal,low
40.25430756765361,81.11415892998426,0,0,288.4749639882058,normal,low
15.056785412702753,74.77527439145757,0,0,149.72995662250025,normal,low
22.97993266191127,78.24542548266808,0,0,171.8860000553055,normal,low
14.63501309102427,57.11959842636219,0,0,237.29236974482671,normal,low
38.30456108930808,26.952181413205416,0,0,235.41195836573306,normal,low
57.90014234536038,47.88379955830658,1,0,160.8479830889953,overheating,medium
11.686737221175264,70.01930570552537,1,1,196.0375164866527,intrusion,medium
38.85561573558891,82.50890888008638,0,0,198.2372745461245,normal,low
42.44718277186,46.09516733924016,1,0,144.6411474522514,normal,low
26.25759370507625,48.69335961616615,0,0,156.97412173120574,normal,low
24.77299020622795,57.03455436645287,0,0,201.39763727553924,normal,low
31.6073435190181,44.55663327963948,0,0,222.72983540578488,normal,low
29.259944686720583,22.836162182196304,1,0,193.04866946173868,intrusion,medium
10.0,41.69135203287799,0,0,152.50585733235437,normal,low
50.42154688191455,34.76305415697756,0,0,213.99638327992506,overheating,medium
26.361896171888304,37.71172859880602,0,0,150.2355922512813,normal,low
38.357979178191485,88.90134481975869,0,0,275.0019472246077,normal,low
35.0783108913223,49.82924776692616,0,0,64.52739585811022,normal,low
35.39361538359849,63.87793752868883,0,0,129.4696702598785,normal,low
33.51230139875926,39.200671721617674,0,0,265.76201696895254,normal,low
48.45004971686151,75.43370282107976,0,0,203.63866861458354,overheating,medium
29.039026088631324,45.6776679154321,1,0,185.3363628247657,intrusion,medium
19.944526828248698,38.52540389446953,0,1,159.60537173403367,normal,low
46.60385656735158,33.44122016438746,0,0,324.5109082289845,overheating,medium
21.599887883506682,24.953082825268613,1,0,228.66105573248421,intrusion,medium
17.76338748479432,31.881374331578957,0,0,188.69556170628002,normal,low
31.965672687149056,23.69691993869175,0,0,134.6391689074029,normal,low
27.44206655882218,78.71701354843536,0,0,157.84911715177003,normal,low
22.691919297514033,35.782752313346585,0,0,180.47902109747284,normal,low
32.53174595062433,82.93780528546245,0,0,191.0040496442682,normal,low
17.50481862978299,82.21371955648664,0,0,206.56312337489157,normal,low
39.45939230234548,47.359193906208446,0,0,158.78622865822598,normal,low
18.67532440743208,31.741794988350968,1,0,257.94034990601523,intrusion,medium
25.378505795836595,26.579929569215498,0,0,153.21867983923656,normal,low
20.773328518444565,69.73415449572772,0,1,193.0714916600253,normal,low
38.7407180665967,79.76634559911514,0,0,206.69735041304716,normal,low
10.0,54.39152285598851,0,0,217.30553946328536,normal,low
27.9698382669524,85.01701761611888,0,0,171.80158948189728,normal,low
29.691611286323603,26.527531420516418,0,0,273.4322209458791,normal,low
15.44592280413388,43.90999959552755,0,0,212.08299816694483,normal,low
25.176904754008966,32.146492101978964,0,0,286.579215470318,normal,low
16.512863891729985,85.47169870741125,0,0,276.0648642401827,normal,low
29.1120361539925,36.7005833257559,0,1,118.92490634515757,normal,low
12.355614017630877,20.31982949908621,1,0,235.48477349026362,intrusion,medium
26.157414415229137,88.45372436712404,0,0,168.10876927436934,normal,low
29.243527975405392,57.0151478705135,1,0,263.0923939459867,intrusion,medium
40.86382498814483,66.30945994903598,0,0,227.7741426071931,normal,low
44.17381406913918,38.54183295875006,0,1,211.4114574222207,normal,low
21.857069455419033,43.14044779909318,1,0,292.7525193825694,intrusion,medium
22.702390212469155,38.89172531457478,1,0,94.65495563349697,intrusion,medium
46.35948294938895,34.68817235723242,0,1,164.95966644344213,overheating,medium
44.348880778623816,66.91192794225518,0,0,246.9607718869756,normal,low
34.17943266767695,45.948594030523424,0,0,213.36847688273866,normal,low
41.57318877650597,38.132945212850316,1,0,191.19519883871558,normal,low
37.97665883008681,40.38638947196717,1,0,220.7184741619346,normal,low
29.3470342169449,24.004964566076644,0,0,160.487989818996,normal,low
16.839495653944567,33.906886409550175,0,0,166.35114912577333,normal,low
32.531291544898735,87.77845435087949,0,0,277.50409344511263,normal,low
29.07423024418164,57.96264100595811,1,0,227.96294569497294,intrusion,medium
23.02261063116645,29.284799245193476,0,0,216.40214563100807,normal,low
23.169348553205182,45.30284754275657,1,0,155.72513284258497,intrusion,medium
19.9017050942945,82.18239805078446,0,0,172.3683306353859,normal,low
35.58724938111816,74.86211053272952,0,0,168.2988356847189,normal,low
26.181361520142907,88.99649990400607,0,0,195.63587320002642,normal,low
37.165443683736534,31.800349975379234,1,0,254.8459710874394,normal,low
29.310343615766275,60.53436938323314,1,0,193.486714826224,intrusion,medium
32.668197337026804,77.3399334399468,0,0,280.3192512141881,normal,low
30.653565799815645,36.662046892840976,0,0,170.08711604481823,normal,low
17.723000503551564,41.939112262354215,0,0,112.21254965216136,normal,low
33.19622851906326,34.90785425020104,1,0,173.97211576996628,intrusion,medium
31.234657149300713,38.43761799653046,0,0,159.26387563644198,normal,low
23.24465827110002,24.720925709986297,0,1,186.89350539088065,normal,low
13.987165801963382,61.15267365481349,1,0,219.73361496798836,intrusion,medium
25.437917247127203,71.2210989155571,1,0,203.1765204530513,intrusion,medium
23.914677669288263,80.54883676815592,1,0,222.9449050376121,intrusion,medium
30.657988518113765,49.03164880615583,1,0,97.39273593857094,intrusion,medium
35.62014518943174,82.15540787733201,0,0,160.94043761433733,normal,low
37.07682236010426,21.166148863822706,0,0,225.2049726659227,normal,low
26.04596888613101,83.00262330292017,1,0,215.18166467582665,intrusion,medium
37.256086409841025,72.64405870564033,0,0,173.10270590063527,normal,low
41.76378847700775,77.23678395596988,0,0,327.7198050379096,normal,low
29.189308715519545,36.14912277702368,0,0,188.97267074282294,normal,low
30.439343844527716,22.73349327918285,0,0,173.51722632028995,normal,low
29.839743426017847,37.96332873393693,0,0,237.63139074848993,normal,low
36.036779054551225,63.22946954980292,0,0,182.73344933236987,normal,low
28.859430539733122,75.41327816364513,0,0,240.3048609693896,normal,low
24.011644042606974,52.61462745009037,0,0,226.27190639485747,normal,low
40.601508391587956,56.23616703415837,0,0,238.45251159412635,normal,low
23.031888878665164,76.73057791591265,0,0,197.28914745449563,normal,low
20.35797672196354,22.083615354960664,1,0,155.31179852965795,intrusion,medium
17.36144217068029,52.520599629385146,1,0,166.86326661085891,intrusion,medium
12.206731090288475,71.4991125675846,1,1,101.12685462781025,intrusion,medium
20.9886349895231,86.47159109613402,0,0,279.6826168754517,normal,low
34.82751429939295,60.41457962438466,0,0,118.22533699497113,normal,low
31.896964864380358,87.25881934105723,0,0,293.1158811981156,normal,low
44.92535272832782,67.53412160304504,0,1,253.63035935401933,normal,low
10.0,56.502840786711985,0,0,198.0359172646388,normal,low
19.842556551866636,22.23267345338867,0,0,169.60783578229592,normal,low
23.441146268969277,75.5479903596987,0,0,165.16377432602107,normal,low
34.12562303643078,26.28422680720862,0,1,220.9237100597041,normal,low
34.47921955829869,67.26798767919493,0,0,141.86539562850214,normal,low
26.740970007926382,31.748568732907675,1,0,191.6196277571715,intrusion,medium
36.08380531580261,69.51044799750389,1,0,226.10687963626,normal,low
35.3610225082253,71.94368164093737,0,0,150.5784326548355,normal,low
29.700782904718128,35.16800559356225,0,1,223.4114986472477,normal,low
37.385242183580935,80.61499060463879,0,0,159.2574161590379,normal,low
33.15052540084897,46.477253185710055,1,0,227.77697603182224,intrusion,medium
11.002840694675719,24.380297371839315,0,0,134.34680437722835,normal,low
38.33446328367726,58.38507525534153,0,0,247.33823662697748,normal,low
24.026657491480343,48.07491488378589,0,0,187.49418935449108,normal,low
29.879331576557448,66.68452789157476,0,0,120.13614966101974,normal,low
20.19215571174395,48.95600636840611,0,0,217.6102153891939,normal,low
32.771988329105824,22.538442782924466,0,1,211.17478307697178,normal,low
24.897729831382577,20.912838790401057,0,0,176.20082055923442,normal,low
34.91660651325852,30.798506908543075,1,1,221.20863209787467,intrusion,medium
37.562377809030544,70.37317680167094,0,1,253.8869854509653,normal,low
41.940870472601944,55.55812643655946,1,0,173.45444819393117,normal,low
45.21364210327155,76.56924518797231,0,0,232.91954274110458,overheating,medium
34.06385663507278,39.99533634378524,0,0,202.42072818716971,normal,low
38.993480084256134,71.92067847921422,0,0,129.50040833832435,normal,low
22.533404167981153,74.05065275609327,0,0,186.49229413711979,normal,low
45.687543644726915,30.21076194322308,1,0,164.507642458955,overheating,medium
34.96702723292952,48.20532722714317,0,0,190.07643353102813,normal,low
29.764341874688768,75.29888902917483,0,0,189.32719764147564,normal,low
38.78722034680033,69.99107586065287,0,0,111.47868717103265,normal,low
20.295957058777784,50.2000357304357,0,1,171.5894810867312,normal,low
41.89191498726811,24.967088870490343,0,1,90.51207949074902,normal,low
31.758872259884907,47.31417273952116,0,0,203.6746968592375,normal,low
34.29314659711937,82.12708950772202,1,1,216.5858785811327,intrusion,medium
18.926301627650414,89.52682580836021,0,0,206.09601451909023,normal,low
40.13354496658444,69.33635459065798,0,0,154.43706100895912,normal,low
15.563104789857514,81.43351096976028,0,0,225.84445837879818,normal,low
29.111407044830887,79.26124611711109,0,0,172.40784569799632,normal,low
28.662693697818195,83.6652433183479,0,0,198.45880919492336,normal,low
20.897154466655657,28.323967868302553,1,1,187.9079553566184,intrusion,medium
25.424418679466893,86.36796194927952,0,1,293.16130216506417,normal,low
28.662349300802404,39.92044329629932,0,0,190.58862648528316,normal,low
13.732945920990701,58.956570047226435,1,0,215.52895188168768,intrusion,medium
26.140376530516487,52.05283535652519,0,0,223.9838395662328,normal,low
42.2317259433799,65.71750318999717,0,0,157.54292099279934,normal,low
17.568194275654996,73.20717510915891,0,1,242.53887724804468,normal,low
42.77998769357686,46.58425892340314,0,0,253.57537477624703,normal,low
32.5901966322602,74.0671092912963,0,0,192.89932650933088,normal,low
41.57159688053203,89.31190575752503,1,0,171.95921220588676,normal,low
24.041720805971416,78.99595821095198,0,0,285.5684543404333,normal,low
15.966392399844175,86.5700941153229,1,0,300.12967173378786,intrusion,medium
10.0,87.245454096252,0,0,230.0542616837838,normal,low
29.392636862608924,60.89852513277459,0,0,238.42045792016702,normal,low
31.155922270113155,87.84885349073267,0,0,265.1518267528416,normal,low
38.33417849069065,23.755361742919888,0,0,223.82882080355944,normal,low
30.559489812872226,65.98030779686479,0,0,147.43325157460504,normal,low
39.31774748983845,28.26690385453427,0,1,126.1526599120572,normal,low
41.668384400988,78.16371166573245,0,0,204.13925707775743,normal,low
44.74378904337062,36.05810736566724,0,0,144.85015472045035,normal,low
19.350020194181123,69.63589891143009,1,0,197.14014547711122,intrusion,medium
25.642671333015304,80.42518878562393,0,0,252.32937635169253,normal,low
10.0,54.824441953121614,0,0,314.85866492848044,normal,low
15.641210749116063,53.103950330115566,0,0,176.86432451199315,normal,low
42.021342046143886,23.045877874733403,0,0,137.07474824197283,normal,low
33.80234859826169,41.44928244581572,0,0,160.88631728351433,normal,low
32.19593264049073,82.42070412083532,0,0,223.4010970962221,normal,low
10.0,22.730333087333523,0,0,247.87320332568223,normal,low
19.86806662890681,34.02480509665629,1,0,196.08429912794924,intrusion,medium
33.79742009218321,20.917590697001636,0,0,197.92452612236983,normal,low
32.40081958763547,50.72881934618717,0,0,256.29662778196257,normal,low
38.188753823958415,83.60897249457545,1,0,141.57545187143742,normal,low
22.0010981277468,89.8118001541424,1,0,226.2884712910834,intrusion,medium
28.997738965446555,54.87115458946014,0,0,161.12858111240325,normal,low
14.801944065224282,22.987597815344074,0,1,195.58603208533435,normal,low
20.651558516374934,81.28851236492142,0,0,181.0109577486981,normal,low
18.896520785382997,28.594788524966496,1,0,186.35778753430776,intrusion,medium
36.6425845585835,50.989974699059644,0,0,170.60696583276763,normal,low
29.289213295549633,40.763646502965116,0,0,197.60216598192795,normal,low
33.8919916594142,60.83461488214643,1,0,195.00963140474855,intrusion,medium
22.356090596818724,49.73402852531039,0,0,246.9081729075236,normal,low
37.39302539260721,47.64725161701547,0,0,214.9970808415522,normal,low
15.150124563863162,37.526464037404565,0,0,225.2216561318399,normal,low
31.1311250843134,67.0566028983969,1,0,186.82218569078842,intrusion,medium
26.363622750757976,88.35791984886536,1,0,114.83463917127867,intrusion,medium
17.124619507833003,66.09704849761656,0,1,149.50513850953095,normal,low
25.65930377485892,63.24352176123009,1,0,176.57127624079465,intrusion,medium
22.141437447941186,56.27035243267354,0,0,202.31553353177046,normal,low
22.805235730577824,71.61252574947935,1,0,208.82778187979744,intrusion,medium
32.96560840615909,55.842195642726914,0,0,177.9270753612635,normal,low
17.4522031105369,84.63698076407384,0,0,224.42918012378152,normal,low
33.07938085410358,25.48424692479714,1,0,197.82572291478823,intrusion,medium
29.56229989933743,88.13813154529869,0,0,204.20668909011056,normal,low
17.186861297940176,73.63603699488104,1,0,207.36698109157115,intrusion,medium
30.749838097409974,77.8015431845095,0,0,188.49411679719526,normal,low
25.92025667612841,75.51433009426778,1,0,250.5132335789381,intrusion,medium
19.004420496413076,62.36870587327772,0,0,118.82642219391722,normal,low
36.11881410253298,36.57423804771503,0,0,245.44107185404374,normal,low
39.91813321070477,75.2411327072387,0,0,145.67721295823037,normal,low
27.103665926472193,26.462442598943205,0,0,100.16818102015453,normal,low
17.845346698787004,21.62258936621308,0,0,207.63826165830488,normal,low
19.677145384511796,60.13752817693883,0,0,247.19868812733708,normal,low
21.2652400608365,48.96215316925431,0,0,194.8855919061229,normal,low
31.949188270781807,43.11500061305716,1,0,155.08682416221353,intrusion,medium
30.270070656504544,56.20609195612864,0,0,196.57332120860607,normal,low
22.72400919439132,57.97238196098468,1,0,195.93046241933004,intrusion,medium
33.588050760395504,70.04056775376861,1,0,129.50101901847506,intrusion,medium
46.83824617667751,46.01370533480481,1,0,104.16317353534897,overheating,medium
12.10042420341059,56.061955613586555,0,0,135.04101847308297,normal,low
31.120561980817087,37.13484675678377,0,0,170.62253590810462,normal,low
23.93357952886964,20.574026561029623,1,0,135.0802854843377,intrusion,medium
20.469104800096275,60.752542447977255,0,0,172.4304933685979,normal,low
39.56910103782829,82.79175477013519,0,0,202.73162550377504,normal,low
26.44039310707,71.88294778014152,0,0,184.52617377191598,normal,low
21.384765645730045,77.43937862595976,0,0,110.84369460960835,normal,low
37.70262287262953,30.85337036295631,1,0,162.428671074693,normal,low
39.81302472159842,66.57172288476659,0,0,216.4466618519645,normal,low
22.59846278286252,33.005404413640754,0,1,244.36479145976875,normal,low
12.08826936528505,56.21857133198179,0,0,181.35533087112202,normal,low
35.04085413682117,34.880160856376385,0,1,89.25605450805499,normal,low
26.3139578474429,78.94914310677787,0,0,188.79017545038033,normal,low
41.32178342604665,30.005870005556915,1,0,150.6518721547244,normal,low
21.28183150379592,20.45717726831621,0,0,218.2302348224781,normal,low
32.66486158454862,44.32612831003488,0,1,223.1852950078659,normal,low
32.889290248890674,85.18066440290073,0,0,81.67297057709261,normal,low
16.865024318878593,65.62420470057346,1,0,229.94218005253904,intrusion,medium
39.61361356353731,87.05208515747888,0,0,251.70998578847266,normal,low
10.23231350429855,87.76850331387269,0,1,174.62629576923194,normal,low
40.17258205064724,22.00128140156414,0,0,222.66851013126097,normal,low
19.37574255435808,24.62745811726524,0,0,193.9045299453425,normal,low
35.84817626070968,66.1072438389102,0,0,264.1919670786011,normal,low
15.46952780124194,23.139206644793866,0,0,187.38992708003627,normal,low
24.991255477228652,41.090001616526486,0,0,175.85263988269233,normal,low
49.169712662571314,55.998123289863535,0,0,197.8918771912082,overheating,medium
18.203652784844365,49.1923956277274,0,0,151.0536083559811,normal,low
22.507684298551187,35.76075655891769,0,0,197.63093521823617,normal,low
36.11745791343817,80.73681100948235,1,1,224.66862576569739,normal,low
21.51511691678764,68.83990277516106,1,0,212.4586928030213,intrusion,medium
43.27244224433903,82.49559127461605,0,0,125.0884291157654,normal,low
24.66320275860124,77.78404520392397,1,0,204.0799655805076,intrusion,medium
42.893839923232235,74.16087462079201,1,0,168.5415127830382,normal,low
37.25864506524422,59.588268418005136,1,0,175.51132621093151,normal,low
25.361829408133627,43.121230216019924,0,0,133.50014262493983,normal,low
42.978007042069265,83.42277784087761,1,1,194.38090571189383,normal,low
15.305860744019096,36.10213987238289,0,0,235.8089118590602,normal,low
38.832401682383406,58.16781789471526,0,0,200.54826595582,normal,low
39.28001178711671,85.4503082671644,0,0,128.77799334730787,normal,low
32.636811064513616,40.4010098602826,0,0,125.4952035374655,normal,low
27.738518311754564,35.14387787625638,0,1,174.25828134092717,normal,low
33.955543532672934,50.804898473469436,0,0,203.2735622499038,normal,low
38.41141328655195,26.33670504331616,0,0,260.92781494126814,normal,low
31.353314036955663,62.43781420507483,0,0,131.28329995807442,normal,low
29.64318112700921,53.204670344819604,1,1,159.39805500616674,normal,low
44.12234098162838,33.11010973671931,0,0,196.3951316238595,normal,low
35.100118340991614,31.257507337642807,0,0,178.4280513617739,normal,low
30.14262414685808,75.17449941624434,0,0,112.9762326140624,normal,low
40.37095742290862,38.032561331122494,0,0,295.2428819896612,normal,low
29.87600122605405,45.05530624802432,1,0,323.306285061783,intrusion,medium
16.960476627719718,74.513060455259,0,1,149.93496254154888,normal,low
43.62036851277685,23.193692573837545,1,0,133.22264893028012,normal,low
43.04436183930433,50.76415602481441,1,0,204.46770973917694,normal,low
43.476637691706976,62.05952510838703,1,0,294.0984012346683,normal,low
32.06121830304462,72.70099882330429,0,0,136.97800146091336,normal,low
29.076190163844455,20.939364958540573,0,0,217.3290804519777,normal,low
35.877035041860246,41.45361048081206,0,0,120.83691492591974,normal,low
23.195551804503527,88.98533222962553,0,0,99.11495760776168,normal,low
34.56010672859139,27.496539829013305,1,0,216.54674421303957,intrusion,medium
42.14989608078912,46.133423010713386,0,0,181.99810881229612,normal,low
10.370901928945646,37.7910992205053,0,0,254.71030960384638,normal,low
32.94929896542012,44.99716252817973,0,0,193.44334909541266,normal,low
33.437249287931124,72.94033103985458,0,0,262.5171103122509,normal,low
26.651592690995972,22.269269694629294,0,1,170.30846573038127,normal,low
29.92495293014348,81.84983572437503,1,0,211.1780151721463,intrusion,medium
44.54287397135509,57.07639033773415,0,0,195.01447292756578,normal,low
25.926484925546006,29.435562510271723,0,0,255.99446003779326,normal,low
29.451253750411215,31.30041660253007,0,0,261.5707692562702,normal,low
35.697991574378754,25.038108310305496,1,1,122.39279149290081,normal,low
43.93109958717609,52.952855020365874,1,0,170.27360651231993,normal,low
19.305667575551254,87.9382443680117,1,0,227.60513115044432,intrusion,medium
10.831723020669234,49.986958030236345,0,0,224.5963228898041,normal,low
11.155921395770918,78.95997188697243,1,0,201.3242242261216,intrusion,medium
32.23010262504737,52.15530112019127,1,0,219.66946871239898,intrusion,medium
33.56762293805589,33.37800727805444,0,0,187.3627130409145,normal,low
27.034222829471656,39.19272406020443,0,1,311.3995526454132,normal,low
29.15410439207269,43.87104906032473,1,0,191.6370081769166,intrusion,medium
22.199473655146072,54.37972480745807,0,0,149.32032781999737,normal,low
20.199992801917666,37.420961644148946,0,0,151.18166577084747,normal,low
28.425784723816996,62.66175317510694,0,0,147.81104030734633,normal,low
22.372411397276522,23.258715947810757,0,0,170.06026614768314,normal,low
17.88720355756873,28.000775765655224,0,0,259.3027956839933,normal,low
30.967496319919174,65.87472525489284,0,0,182.12701905714817,normal,low
15.068880653166358,66.78321789669826,1,0,192.80515308372162,intrusion,medium
47.305867170720084,87.19930298093537,0,0,171.46461931983185,overheating,medium
10.216291807238697,63.44011055181847,0,1,264.3118510683945,normal,low
48.34044569509035,59.41310241377788,0,0,148.63769842704323,overheating,medium
49.37932757969194,20.82844369555303,1,0,259.9491914789046,overheating,medium
22.095937639113977,26.25158270476652,0,0,227.8271508438936,normal,low
22.62893613570947,41.11070110644037,0,0,281.8723183130314,normal,low
29.616937169642206,35.954332505610395,1,0,284.47522922573626,intrusion,medium
44.5441739184463,40.85281214533461,0,0,185.03647283859982,normal,low
50.90714474166947,27.912801288162527,0,0,195.33047375264744,overheating,medium
35.82000484296617,33.94713001078167,1,0,202.0227753187745,normal,low
35.018236711134534,48.40568226786328,0,0,288.002049082809,normal,low
19.332626217517053,50.488918247045575,0,0,216.72943810255904,normal,low
23.202126198277497,82.98008772205885,0,0,223.1336145256289,normal,low
19.655079562803998,37.02875835462453,0,0,163.04508453460585,normal,low
16.105827799406555,46.46600257885426,0,0,226.9137409072551,normal,low
36.64638232444155,76.38066679277324,0,0,218.24774763433783,normal,low
10.0,75.31439748625758,1,0,228.26404896271367,intrusion,medium
10.0,62.2427208400613,0,0,170.99024014143825,normal,low
31.201716037356718,80.22006478325713,0,0,152.77959483658233,normal,low
26.666406773384217,80.12568034003701,0,0,104.4811596921479,normal,low
23.941180506652316,62.36311818247923,0,0,156.91685068940586,normal,low
32.925250603469664,78.00081854221821,0,0,180.06368939117132,normal,low
44.47069782434889,70.86624599751693,0,0,262.51373151604935,normal,low
19.576068152454667,69.56441822735064,0,0,176.36276727062886,normal,low
38.101555271252934,73.99108502653354,0,0,153.2053982470435,normal,low
35.449281533852584,37.22917513543244,1,0,209.72096462285606,normal,low
21.059688224222292,77.23249743295402,0,0,172.01278984983605,normal,low
27.95403214600334,29.290751417566305,0,1,181.8984679473177,normal,low
37.39318693654134,81.24811505622553,1,0,267.9877481625996,normal,low
25.683159234864142,83.48601845513075,0,0,262.4676511133589,normal,low
40.6638885349763,86.47090173418883,0,1,204.28788905032837,normal,low
31.497070713363364,75.14685300704572,0,0,98.6705698795905,normal,low
39.30807129489939,61.4226098424746,0,0,148.4556478025126,normal,low
44.69412831931762,22.088995370948417,0,0,334.329234361041,normal,low
20.893479274291487,63.21038921952373,1,0,129.8897174205095,intrusion,medium
30.174403265149362,30.56318356815424,1,0,248.2583018658574,intrusion,medium
41.45311945764336,24.942264404035086,1,0,193.45081873344847,normal,low
24.3845023751255,43.897899287649864,1,0,187.94459339563554,intrusion,medium
39.25093706139366,35.52964826050588,0,0,161.62428839862233,normal,low
39.696183933629406,36.06594104971083,1,0,149.40486657996382,normal,low
18.470907275201114,44.598287399290626,1,1,161.07026708842912,intrusion,medium
33.616742887482594,66.66023372268718,0,0,124.80015709746024,normal,low
32.990143372194694,71.3932048481947,0,0,224.60822785611134,normal,low
42.60581393489036,72.02396593584587,0,0,166.29179104076363,normal,low
10.0,21.62892607672407,0,0,290.5117966856782,normal,low
20.68229248410271,65.66069664700726,0,0,166.4446151950738,normal,low
24.39168182553736,29.5435473285344,1,0,231.23607790680387,intrusion,medium
20.223240098946544,82.87093202487918,0,0,256.34588640215827,normal,low
10.0,79.15575224785002,0,0,215.17462714892483,normal,low
27.59325974253514,30.820409079182987,0,0,270.3477543739739,normal,low
14.699854286055974,50.370070853707254,0,1,200.97974155131135,normal,low
24.29324422999552,21.422638439620414,0,0,245.33659410628988,normal,low
41.950902562321374,45.1016153689678,0,0,133.26005854463855,normal,low
26.30594053196384,83.2017549731975,0,0,237.78331787523663,normal,low
36.86381307380909,46.018953735376,0,0,131.65363000940383,normal,low
33.17497650935657,25.979705514991707,1,0,136.43043726111623,intrusion,medium
38.377535180796514,82.36484609402106,1,0,166.57935641519765,normal,low
25.571201199719326,76.07248324855058,0,1,219.40281681698548,normal,low
29.28377392360258,46.61350457807775,0,0,114.02237058404087,normal,low
41.57423321790902,65.79518226346303,0,0,257.73743014454857,normal,low
26.987213138904302,68.28555906909887,1,0,219.80624451241226,intrusion,medium
36.82242264801752,30.963832881694735,1,0,299.33154169310615,normal,low
22.267624857584128,71.9168525210066,1,0,207.3872120625577,intrusion,medium
25.15376921498774,62.03095005840228,1,0,278.5068360420084,intrusion,medium
48.11611066887479,32.61900890368487,0,0,150.75977679006996,overheating,medium
40.022226774978776,42.49254862788196,0,0,209.56359495848602,normal,low
30.193597080810928,86.19435752173902,0,0,77.27641534305138,normal,low
49.41436670727796,57.13530133058102,1,0,200.73349417554294,overheating,medium
20.19983539927776,55.99126972700486,0,0,190.29396922227303,normal,low
22.892614726487892,53.75831782452888,1,0,193.76205861061712,intrusion,medium
38.5745170512857,68.87161771001391,0,0,177.50790925439208,normal,low
42.194761125493514,64.27839256430647,0,0,225.04500764660477,normal,low
24.73424575593786,84.10319730285322,0,0,203.65814670571302,normal,low
29.920897532269,60.09946374656179,1,0,275.3350987589884,intrusion,medium
36.232827407853556,20.01136593341029,1,0,296.64925081906864,normal,low
38.38668556232945,33.04272010685335,0,0,159.57541731476397,normal,low
38.714011893186935,86.56398695913005,0,0,174.0956121931724,normal,low
14.67699448961213,59.40504670132063,0,0,167.6135959957535,normal,low
31.58755413874089,28.517849248091665,0,0,195.8067604186413,normal,low
40.26620744224754,32.74109238554166,0,0,276.56293196296474,normal,low
34.51923340094504,46.2565343653724,0,0,188.46549882473184,normal,low
24.626164382379315,53.12448344373005,0,0,201.38966081550933,normal,low
32.07629349639119,67.22241479762374,0,0,288.2587955206472,normal,low
42.5592219167753,89.90260234360926,0,0,161.72241630353906,normal,low
29.32419432824563,45.939579542181335,1,0,217.11762504791517,intrusion,medium
33.01873224461493,59.66436140322905,0,0,230.8855951600072,normal,low
51.16037488563807,73.7705314298917,0,1,248.16378655057287,overheating,medium
31.034742041870356,63.120444370791354,0,0,193.39283342671885,normal,low
27.560807487913426,67.50987284822257,1,0,64.41380728196967,intrusion,medium
22.61984726611647,86.337869933693,0,0,124.21034358221006,normal,low
28.13593998914806,65.73577236216993,0,0,176.03015019226433,normal,low
39.35906383202882,85.11043968028038,1,0,194.50519518630614,normal,low
19.001648423101038,70.30571380197614,0,0,226.46542976615282,normal,low
28.011641542868247,89.24216372108171,0,1,189.3911815885548,normal,low
17.24129474933213,47.544266592887396,1,0,191.92811818828142,intrusion,medium
30.498752311520636,42.93974057471286,1,0,176.39038032412523,intrusion,medium
13.804522600283388,79.1803539384112,0,0,231.75563261568047,normal,low
17.633010223904957,48.16542278512798,0,0,178.94153355131152,normal,low
40.82328246753992,62.17065889372998,0,0,233.19804706101482,normal,low
10.0,44.69007310727477,0,0,142.747340976054,normal,low
32.94610260813981,56.97046962964247,0,0,221.24264245505816,normal,low
40.264327702840774,75.30970460680729,0,0,178.97591567265573,normal,low
47.89280603104284,35.273134169088486,1,0,119.05209380314555,overheating,medium
16.436663452127576,27.32596286140319,0,0,164.27945384438337,normal,low
47.75543143374669,22.587773085804976,0,1,92.93523736212957,overheating,medium
23.98366368793281,70.82031679935005,0,0,212.67204434328232,normal,low
27.124112330514397,22.88159561693501,0,0,229.81576556918753,normal,low
23.719353106488562,70.25106192511785,0,0,165.33065253738266,normal,low
35.789425383940326,49.88127280653898,0,0,219.13509907871654,normal,low
39.29136800131795,73.39854405902292,0,1,169.6326890129529,normal,low
40.345772591508116,62.52661607506286,0,0,218.30720287148108,normal,low
19.582929777769795,44.06679816443646,1,0,211.70603358418268,intrusion,medium
29.18356595646686,72.48855006681265,0,1,245.1552732017791,normal,low
30.45699396826128,79.96921167901107,0,0,243.5623819025149,normal,low
30.68430895138361,83.83305201190164,0,0,179.0448006890878,normal,low
19.16175468164562,88.79307276416185,0,0,209.19528885660435,normal,low
24.114058305888022,31.960685434011666,1,0,138.38559996952316,intrusion,medium
39.476376859919334,89.93706560527805,1,1,165.456212707389,normal,low
42.04205284758237,40.66208529388865,1,0,163.36300398107542,normal,low
39.40045517178044,75.72008736854958,0,0,197.64080677192226,normal,low
34.698269890323346,69.0358465201757,0,0,138.8978818840577,normal,low
39.53162143911255,40.94973974416905,0,0,174.26155754336622,normal,low
36.66187147336712,60.899451619720054,0,1,224.29717793558575,normal,low
28.47411932683237,69.19954914701509,0,0,171.95068668137165,normal,low
45.40662521924972,62.72001485165839,1,0,197.29834761596382,overheating,medium
22.536047823332886,60.20923674742298,0,0,234.3022526119176,normal,low
26.428170140904943,71.90247153527477,0,0,169.7120644967923,normal,low
24.640922873670277,84.6687657438214,1,0,368.69977847168275,intrusion,medium
24.744247371807322,42.596096431738246,0,0,336.60106434314787,normal,low
30.008362050385884,24.16525359456417,0,0,245.09448641906752,normal,low
25.922832031825934,35.12135693207367,0,0,215.91129536492582,normal,low
49.80495625247835,37.41865109072356,0,0,314.6376827364686,overheating,medium
36.65337829304208,41.9601392093159,0,0,208.14978906610196,normal,low
31.10430333157034,81.52321926014861,0,0,196.12923657182853,normal,low
35.864587355606254,61.64244410230566,0,0,199.86193754924903,normal,low
34.26316193127379,21.079427427325758,0,0,130.61445497032764,normal,low
32.23687057929077,85.01871794513976,0,0,123.4804354191435,normal,low
31.30481279833846,52.10868015868444,0,0,243.22054055058774,normal,low
26.94225384360618,71.03984081895437,0,1,249.695630440129,normal,low
49.25702548368879,36.116165567605606,0,0,159.8903468250025,overheating,medium
37.11012519587537,75.78509204009518,0,0,223.31446119664668,normal,low
40.991369138510606,56.68874926560956,0,0,181.56145928133654,normal,low
25.296779238583063,76.26317485002943,0,0,255.51915961422645,normal,low
46.261470732415546,25.78084511886256,1,0,228.9760372191187,overheating,medium
31.265561431024953,38.58878272405869,1,0,239.12675594103484,intrusion,medium
22.55009285595356,27.596164658290604,0,0,137.05070230067025,normal,low
36.98438337130581,72.87258114389269,0,0,246.27421064255418,normal,low
37.26265179621376,28.286491977644776,0,0,307.49150260611515,normal,low
20.461842565688755,87.24326503019114,0,1,214.67930912139056,normal,low
37.58103538969169,60.897441723622556,1,0,223.21084907135355,normal,low
33.225723396830475,48.779086227927635,0,1,218.02394800086245,normal,low
13.440610465517043,34.959115695628704,0,0,312.8226657455323,normal,low
26.22094428121232,57.366309629262524,1,0,199.65958492850328,intrusion,medium
25.6872622365062,88.27991038534077,0,0,187.83679420854048,normal,low
34.762755716275734,68.31741782326259,0,0,209.6405450395201,normal,low
43.904426197255134,57.03013550823979,0,0,144.60169521705456,normal,low
23.66767886849796,77.65429967329298,0,0,102.25583479893352,normal,low
50.05940005105396,66.7788032327666,1,1,215.40091068721867,overheating,medium
28.761961527787722,38.378887994125094,1,0,128.11508250282236,intrusion,medium
29.228976059784827,83.55947104710506,0,0,193.40814329085103,normal,low
10.0,36.52340754829133,0,0,166.56098980973044,normal,low
36.50622356618529,22.088009886883423,0,0,216.57360299943772,normal,low
54.17886986926821,35.91589231699123,0,0,150.02703613854897,overheating,medium
37.05481541816839,22.337604688239956,0,0,201.49677087539206,normal,low
36.35112701046546,55.995222150690346,0,0,167.15317038363457,normal,low
38.014484400574446,20.019303565664718,1,0,159.98380819526506,normal,low
26.993007939254763,40.65469152733519,0,0,218.5344933992411,normal,low
36.60591447256088,73.4708681248366,0,0,131.853405412808,normal,low
33.83783576663566,70.84060011231196,0,0,207.9292575757121,normal,low
23.13712167222723,64.13897704822688,0,0,236.24276732056714,normal,low
35.0284367680332,20.085459306264948,1,0,188.05121047767486,normal,low
19.627278050320058,66.6667665621396,0,0,243.78276181371842,normal,low
31.274355316210638,20.77847213070932,0,0,271.9161995242197,normal,low
13.254104959954155,82.24370196655515,0,0,194.90254031915703,normal,low
37.881907482956095,32.97590639250873,0,0,253.34318088005477,normal,low
13.858738963592462,58.04768667861998,0,0,330.94509337945397,normal,low
32.81986803433537,44.62154535487396,0,1,118.38345841604576,normal,low
15.72908195723988,69.1058991008085,0,0,168.2415180421741,normal,low
22.3984122361086,34.578066085521094,1,0,187.96069032476845,intrusion,medium
25.13487793816259,53.43356993976443,0,0,68.33961075560015,normal,low
28.680125289674187,70.20034047224084,0,0,236.5214495844957,normal,low
24.754864593411686,71.34353070193806,1,0,214.40958713099658,intrusion,medium
26.61464831724454,31.889159809998677,1,0,119.12062130123138,intrusion,medium
31.418259514308666,28.114089574174784,1,1,217.8756810076714,intrusion,medium
38.950207899836116,30.53937067759927,0,1,336.1107130234431,normal,low
53.82903396318601,75.70250979931123,0,0,233.86551327212385,overheating,medium
40.9268846621357,78.51348177665297,0,0,124.09731097733176,normal,low
24.177186498785588,34.87642865844264,0,0,108.36153660986629,normal,low
20.91793742010142,88.95348312799644,0,0,254.30395230651186,normal,low
26.96270065871873,23.081873976441223,1,0,201.7739638244122,intrusion,medium
31.547821618450296,82.51072150091676,0,0,210.59578672365063,normal,low
24.008998150419465,40.16169557717147,1,0,116.46925415848555,intrusion,medium
35.348967571280085,85.39623129558267,0,0,248.2670332768812,normal,low
17.27474769441261,20.053914059057668,0,0,126.11050717349165,normal,low
43.933839437663636,21.366598659845135,0,0,178.54933577506785,normal,low
37.87399514927138,57.37183046224237,1,0,219.84341160711423,normal,low
35.807691319182474,66.85471812477527,0,1,316.4729031194821,normal,low
23.93641892220517,85.3903676785952,0,0,272.34383212416043,normal,low
42.716035404635,45.91742093780299,0,0,235.37127157142814,normal,low
26.66661771097737,32.53451321968511,0,0,248.11778454799412,normal,low
25.718457196116578,40.63616397442368,1,0,160.16118903697068,intrusion,medium
27.695750994146984,20.45659528906979,0,0,159.68314529191036,normal,low
53.60918001494458,70.80193335888481,1,0,223.3850668119057,overheating,medium
26.517183179267352,66.10598228721858,0,0,151.77084292769774,normal,low
53.587075878359805,83.97454451822031,1,0,96.00200940147809,overheating,medium
45.18999821253726,46.08913814249043,0,0,236.14777932304247,overheating,medium
28.234413340882007,72.43009309274935,1,1,263.6483555994909,intrusion,medium
44.13241266174329,84.36454335989859,0,0,203.66370125325145,normal,low
24.435813199141172,27.592905841677805,0,0,294.87156668927065,normal,low
10.0,87.48439111006041,0,0,201.2754276591333,normal,low
45.03328780279503,64.65899065889491,0,0,175.9958135305112,overheating,medium
49.011168054595984,21.91899244339684,0,1,187.00112381373924,overheating,medium
28.966674249667022,81.22615096183381,0,0,185.0178942280422,normal,low
21.07306690078032,32.83041106649547,0,0,241.90586686647165,normal,low
38.20745261975742,24.50270172719209,0,0,317.06976397161304,normal,low
39.316136887907966,84.56596213767955,1,0,253.839051847024,normal,low
15.29274300715751,23.790509011443405,0,0,217.69045523452047,normal,low
37.571907553551405,40.312223307343956,1,0,198.04031421094723,normal,low
17.424268547413114,52.96030382304757,0,0,85.26754786796047,normal,low
21.639918976913957,66.03569257651279,0,0,158.3910988562647,normal,low
32.76818721674002,69.92892299903423,0,0,181.79326531535557,normal,low
26.9827255965229,45.315353597025094,0,0,279.06296025839004,normal,low
14.40164743733321,50.362153530204196,0,0,189.78620618616196,normal,low
13.388946823711155,27.322948121135937,0,0,113.58096515766495,normal,low
30.553037355068007,80.14300238168157,0,0,261.47627054037525,normal,low
18.55226307286177,60.1659513933206,0,0,187.70124992487973,normal,low
35.835506887172286,48.33765731091012,1,0,274.8734692066187,normal,low
35.075540615900046,81.80613279634984,1,1,195.14352557935794,normal,low
31.42835220992858,88.40291835118087,0,0,262.1118860431,normal,low
23.28372661016352,42.87690747388503,1,0,298.21255458428107,intrusion,medium
40.018832330248415,28.746054141296653,0,0,219.63035072846856,normal,low
16.46745805311925,30.781612605468514,0,0,163.30847080097402,normal,low
21.89959893170741,31.64461495581074,0,0,141.95328403349757,normal,low
22.35030664643256,89.0644064102852,0,0,132.52354087194726,normal,low
27.5021151694951,58.69725549026239,0,1,212.6634336583904,normal,low
31.194714981193847,61.80190588192962,0,0,165.47164801187378,normal,low
43.253960940600884,82.68206924159159,0,0,262.9529065916674,normal,low
34.47682186277613,70.24782082439422,1,0,118.18137031064518,intrusion,medium
42.90313088489106,76.7528305497875,0,0,166.6929714553464,normal,low
36.43963363941409,71.08380320374064,1,0,148.97168085085988,normal,low
28.24336636448333,61.14048468434623,1,0,283.83958707319266,intrusion,medium
32.97719047713822,61.233840897778414,0,0,183.32769144613658,normal,low
28.51718871756987,31.41810550508209,0,0,257.5833242781971,normal,low
28.085267050469135,73.02140902052716,0,0,314.97373993474537,normal,low
17.10663436272231,21.838934388155494,0,0,176.43694294196467,normal,low
29.491387190678655,34.75500896715057,0,0,173.3932066259495,normal,low
32.461146112069656,26.633438853773836,0,0,168.2668943499672,normal,low
39.550792064792006,56.94771801240096,1,0,208.01399745719516,normal,low
28.720284407633706,51.421413058833416,0,0,226.6002978899525,normal,low
43.90221996247095,42.01116485473186,0,0,200.4138824878406,normal,low
39.620090908755444,34.95667914406887,0,1,174.14946537780767,normal,low
25.056676771095,61.16733840571025,0,0,251.7285363251055,normal,low
41.91553526189492,43.19582646381063,0,0,214.113084757919,normal,low
19.097085743625897,57.570533496042636,0,0,295.39786666381315,normal,low
39.51309716904346,45.5576770486346,0,0,64.74343356708357,normal,low
34.46647264839658,60.392116803912664,0,0,160.6112183704688,normal,low
22.39274616919053,87.694688053032,1,0,126.8622473135554,intrusion,medium
39.497710558668736,55.45108164290577,0,0,225.9923333785934,normal,low
40.11814351931002,63.074624262805195,0,0,224.799857952209,normal,low
56.9641536568033,51.337796933613845,0,0,228.95694978774657,overheating,medium
24.898793232877743,57.73574051787327,0,0,206.86353956992136,normal,low
15.947752735818412,42.18834353812673,0,0,145.10923650640456,normal,low
52.74028108915945,33.32253650801382,0,0,128.08576483866497,overheating,medium
34.03084273223577,63.73059021001159,0,0,197.54380797710408,normal,low
33.8237813160175,20.2803135583212,1,0,123.38918757042745,intrusion,medium
27.97116715233532,70.26502009063549,0,0,121.82973300080073,normal,low
13.188379937749954,63.43929481616845,0,0,148.38579126090102,normal,low
42.70302898809505,46.18171126891204,0,0,209.61111241495215,normal,low
10.0,42.178574365262335,1,0,219.9044978879364,intrusion,medium
34.39635118973612,54.11922765247696,0,0,259.93862038577237,normal,low
25.243966692697818,22.747013307689155,0,0,169.08834209531327,normal,low
27.324376487802567,20.157019609960937,0,0,227.46416822197065,normal,low
29.970473491157307,46.37332387413838,0,0,142.47112080632968,normal,low
26.50084019889034,52.76047227344806,0,0,120.97697159278883,normal,low
21.085065754614114,51.695704854251204,0,0,284.28169368110605,normal,low
23.84011748567806,35.59772295124587,1,0,217.34875738553762,intrusion,medium
31.02260473548688,46.456885933716464,0,0,256.10881762304024,normal,low
22.84306017101448,84.53435044638888,0,0,184.09378050933825,normal,low
28.130852538808647,43.187811097117034,0,0,149.88290420385786,normal,low
25.505869301874753,64.73636368070304,0,0,320.9773534042952,normal,low
34.73876863078369,52.51492774537658,0,0,220.39576035436318,normal,low
37.15606873118622,69.83668290826857,0,0,211.65916527149108,normal,low
35.32648730650917,29.052575182648745,0,0,148.69919190321414,normal,low
29.157838827444028,49.20235006880728,1,1,126.2943828478051,intrusion,medium
18.462442218815422,42.20625823471316,0,0,242.00325721146305,normal,low
10.647566820062238,70.59371499892075,0,0,150.85908679007068,normal,low
39.581110180950176,21.87473059395594,0,0,319.17470012792563,normal,low
25.380531036245664,67.7753380923806,1,0,271.2349963059621,intrusion,medium
31.838591254828213,84.40091609992392,0,0,190.65321591118513,normal,low
44.811803121222106,50.105601477249465,0,0,213.27535466083694,normal,low
19.23474020007436,25.5239822468602,0,0,260.5780885186498,normal,low
42.228641635005744,22.10085176780011,0,0,192.51789237055544,normal,low
49.434281419259946,30.566754659928172,0,0,222.28136261219288,overheating,medium
42.72910155862469,45.157109843565664,1,0,245.14342886545285,normal,low
30.041770905687287,66.82585456295048,0,0,178.61955642972885,normal,low
27.525323821957468,29.87961010019336,0,0,151.65018920177826,normal,low
32.970342255407,89.93121436073959,0,0,195.88076874303778,normal,low
41.62041502756849,53.20633880910299,1,0,191.59365056608107,normal,low
20.919414819141203,67.28378282467497,0,0,167.00455666182233,normal,low
23.50772121696706,49.334431189833396,0,0,146.77543902807713,normal,low
38.5704746847082,88.5862607931344,0,0,203.48988008655272,normal,low
16.416884575231627,71.78805317448146,0,0,216.49673564259086,normal,low
30.941612394528374,85.17755763626404,0,0,241.0874143039188,normal,low
34.18067106688675,39.24617917624217,0,0,261.6467030123828,normal,low
28.886911318106733,66.33277201813098,0,0,116.31610015044285,normal,low
28.87003892558166,76.38802477739205,0,0,208.4100133757473,normal,low
19.531614252607284,88.03753428227854,0,0,153.3044262443339,normal,low
49.10992011330638,59.513433251520915,0,0,192.356281256045,overheating,medium
22.94137201760665,57.33100654712181,0,0,141.6529497864838,normal,low
24.381719951024373,87.39144479676654,0,0,199.58798168346917,normal,low
14.103640907487083,81.64507040380633,0,0,207.13750087980654,normal,low
54.45927488215423,47.17678106344279,0,0,227.1857285721629,overheating,medium
21.585412438319228,76.99139581525316,0,0,165.07154026681644,normal,low
21.96176791960147,23.424071158747225,0,0,165.05876062451455,normal,low
28.270996862107978,40.83122372003096,0,0,171.6606614297469,normal,low
22.97756244187532,70.17093738588771,0,0,239.8417066317927,normal,low
19.94238249657183,58.29005175825089,0,0,213.912049087441,normal,low
23.562250660717254,46.624539810682535,1,0,248.41888757734665,intrusion,medium
31.109287184527496,34.084336959062796,0,0,230.28712491576925,normal,low
28.502301592744782,55.44201620321573,0,0,201.3890252438232,normal,low
30.510650426765576,42.96931743541912,0,0,130.24496266415755,normal,low
21.20308401016736,66.51712105287683,0,0,267.7120853485883,normal,low
40.19594258019157,71.74575760367097,1,0,217.93855196948957,normal,low
33.22932998183787,87.49868364068313,0,0,153.51024925843595,normal,low
31.273333974547334,60.81689582282476,1,0,225.85922346922712,intrusion,medium
40.02856828382059,64.40329371532272,1,0,267.2148458512885,normal,low
47.52908439417146,46.708747191298656,0,0,196.513003186722,overheating,medium
21.889354650692514,44.05390746979831,0,1,193.1781785460921,normal,low
41.430654766144066,89.55622627825853,0,0,106.41382862871889,normal,low
24.02967181230254,21.205949641319943,1,0,185.01416120052497,intrusion,medium
17.853993486136325,31.918535694474414,0,0,212.76829958985925,normal,low
31.418106207937438,80.62536144797076,1,0,256.07978568739406,intrusion,medium
22.063212406923665,71.74212153103025,0,0,259.63797423934653,normal,low
24.629466179993823,60.05535006141315,1,0,121.38941638524587,intrusion,medium
33.23377377801866,33.01083540648229,0,0,233.5771706335908,normal,low
35.934131358003526,37.82978085151395,0,0,219.03567894203357,normal,low
21.20581180770884,52.49842385547976,0,0,106.86998670707526,normal,low
42.48494583747033,28.75205876476118,1,0,206.01155891791907,normal,low
38.287275571560265,56.24454173118718,0,0,160.65138405822174,normal,low
32.731018360393236,57.54507019720315,1,0,234.48364650615412,intrusion,medium
17.67219677749263,70.8799102803261,0,0,216.63100127733256,normal,low
28.378366268216688,51.97254219222952,0,0,181.646087487023,normal,low
31.701974057570364,89.21777694864743,1,0,292.93879373533133,intrusion,medium
35.524934547040814,25.105180453224307,0,0,190.92053990550087,normal,low
18.51227247467403,80.02033185323869,0,0,171.53922247233885,normal,low
32.79386809313944,81.91250990364135,0,0,258.1890448295807,normal,low
10.0,32.85655914462498,0,0,178.49365676201776,normal,low
25.2391259429756,23.467788091575382,0,1,175.1258336244275,normal,low
40.83238149922733,76.12603679791604,0,1,283.61399428030404,normal,low
43.250180376036454,22.844607228126875,0,0,186.97881139450206,normal,low
42.65370149130432,87.80853440170581,0,0,199.76130038816288,normal,low
38.299817220599415,64.96333169702109,1,0,244.1120315199694,normal,low
36.51662047333134,58.6372570698995,0,0,116.74900939132436,normal,low
14.464597271538214,22.158796927925998,0,0,201.44645025469,normal,low
29.312681043826473,39.88463389780394,1,0,221.37380125813155,intrusion,medium
27.764430870402954,51.45873443989814,0,0,95.38347389381488,normal,low
27.68930113291175,30.990830124899233,0,0,204.18198153503548,normal,low
34.20366444085511,71.37128636414727,0,0,68.3614950449585,normal,low
20.601439110979378,84.36994061764297,0,0,224.6455936502343,normal,low
10.0,75.43795164211977,0,0,278.9466347928221,normal,low
23.97190338624949,29.467917416045193,1,0,62.40272047222777,intrusion,medium
40.982744284183056,72.72917503971215,1,0,184.53094122465694,normal,low
29.950837682875843,23.474131198437757,0,0,232.21382092663885,normal,low
44.66127987218078,54.15436774420141,0,0,187.56828848061667,normal,low
27.12595368676464,76.41756601458168,0,0,96.78770204176024,normal,low
20.68039424878693,71.03544043367421,1,0,281.75430137419994,intrusion,medium
29.908394710224677,82.99031250740425,0,0,304.80687944247063,normal,low
40.518213643363836,56.67554507821953,0,1,121.12681696422311,normal,low
16.98180341949545,72.73179052509285,1,0,229.24297673416442,intrusion,medium
27.50359919296721,59.75785163791757,1,0,146.94442116500227,intrusion,medium
33.10537089725075,65.90008479391429,1,0,181.89793765584395,intrusion,medium
29.293466962358494,80.69373549206344,1,0,298.65091105316526,intrusion,medium
34.72790091413961,33.27368776228146,0,0,216.3110420258602,normal,low
42.37033637571825,64.72309555072663,0,1,144.134400914191,normal,low
29.540452615292217,62.5476706253468,1,1,145.35067706300495,intrusion,medium
30.24533219895995,60.721978260813664,0,0,164.68238115071566,normal,low
43.48180569586785,28.41300235692332,0,1,233.24450324429966,normal,low
25.670898393062696,79.8815671516812,1,0,199.74333484405457,intrusion,medium
38.626669075709046,75.79714719936273,0,0,201.41444606957677,normal,low
22.876706046668772,34.360356028214234,1,0,227.8065175994343,intrusion,medium
32.11351437925603,80.796802014046,1,0,199.9994415960829,intrusion,medium
39.80980078906139,38.395236231790406,0,0,136.13048799286867,normal,low
34.626385755030896,23.909605057895174,0,1,204.91091101980254,normal,low
27.460378345024818,86.88330897635122,0,0,159.04671278172327,normal,low
26.88302197980554,86.2567781247773,0,0,163.1003587015149,normal,low
19.89316389248866,39.60418341755556,0,0,155.02184740901703,normal,low
37.6055192908031,82.15827110179977,0,1,215.46536167691448,normal,low
48.780678859636566,61.570814142937216,0,0,149.75091264989146,overheating,medium
30.855091110091095,41.91893721531959,1,0,214.21278541550532,intrusion,medium
24.1643871908673,56.79423019101164,1,0,216.77982294327063,intrusion,medium
17.082644174075565,20.484696151484197,0,0,156.51761203126966,normal,low
32.48581682729718,22.936980837217895,1,0,165.0209622415898,intrusion,medium
25.626398223135922,85.73789841533923,0,1,196.66977187789976,normal,low
28.56275980354947,20.535919819540254,1,0,212.73845712439385,intrusion,medium
29.744098174292002,57.940442459593726,0,1,161.85705424000727,normal,low
27.89732656407954,56.894626133290025,1,0,224.77673503484505,intrusion,medium
25.70471636946027,23.179518331460386,0,1,296.3553966850766,normal,low
19.137781533460185,76.03267286075834,0,0,99.68903201418216,normal,low
36.41151073717203,86.06639868317819,1,0,264.66154682456875,normal,low
32.967501958770995,53.25382801005201,0,0,210.7853416414936,normal,low
20.526915209509212,23.981954365362988,0,0,251.01539884893518,normal,low
34.554663599117184,82.52113952965067,0,0,160.4877219709349,normal,low
